run_id,method,subject,iteration,log_likelihood,mir_kbits_s,pmi_source_mean_bits,remnant_pmi_percent,step_size,gradient_norm,elapsed_s
sub-01__jax_gpu,AMICA-Python (JAX-GPU),sub-01,1,-1.4548174493433192,,,,,,1.261197304000234
sub-01__jax_gpu,AMICA-Python (JAX-GPU),sub-01,2,-1.4088827044652972,,,,,,0.37887480200151913
sub-01__jax_gpu,AMICA-Python (JAX-GPU),sub-01,3,-1.3999246516190398,,,,,,0.3799488010008645
sub-01__jax_gpu,AMICA-Python (JAX-GPU),sub-01,4,-1.3975626506695327,,,,,,0.37803900099970633
sub-01__jax_gpu,AMICA-Python (JAX-GPU),sub-01,5,-1.396650130906948,,,,,,0.38111310100066476
sub-01__jax_gpu,AMICA-Python (JAX-GPU),sub-01,6,-1.3961550650359735,,,,,,0.380631602001813
sub-01__jax_gpu,AMICA-Python (JAX-GPU),sub-01,7,-1.395800249920601,,,,,,0.38087040099708247
sub-01__jax_gpu,AMICA-Python (JAX-GPU),sub-01,8,-1.395504072943932,,,,,,0.37787040100010927
sub-01__jax_gpu,AMICA-Python (JAX-GPU),sub-01,9,-1.3952386357047475,,,,,,0.3783817009971244
sub-01__jax_gpu,AMICA-Python (JAX-GPU),sub-01,10,-1.3949931890635838,,,,,,0.3797555019991705
sub-01__jax_gpu,AMICA-Python (JAX-GPU),sub-01,11,-1.3947626484772082,,,,,,0.378104601000814
sub-01__jax_gpu,AMICA-Python (JAX-GPU),sub-01,12,-1.3945430029539605,,,,,,0.3790668010005902
sub-01__jax_gpu,AMICA-Python (JAX-GPU),sub-01,13,-1.3943322687612454,,,,,,0.37837300099999993
sub-01__jax_gpu,AMICA-Python (JAX-GPU),sub-01,14,-1.3941288021652731,,,,,,0.3773955010001373
sub-01__jax_gpu,AMICA-Python (JAX-GPU),sub-01,15,-1.393932217400111,,,,,,0.37790850199962733
sub-01__jax_gpu,AMICA-Python (JAX-GPU),sub-01,16,-1.3937425022320489,,,,,,0.3776856009972107
sub-01__jax_gpu,AMICA-Python (JAX-GPU),sub-01,17,-1.3935598978129158,,,,,,0.3790644010005053
sub-01__jax_gpu,AMICA-Python (JAX-GPU),sub-01,18,-1.393384298462548,,,,,,0.38081700099792215
sub-01__jax_gpu,AMICA-Python (JAX-GPU),sub-01,19,-1.3932154072653704,,,,,,0.3784645019986783
sub-01__jax_gpu,AMICA-Python (JAX-GPU),sub-01,20,-1.3930534492064959,,,,,,0.3793119010006194
sub-01__jax_gpu,AMICA-Python (JAX-GPU),sub-01,21,-1.3928976160762045,,,,,,0.3802758010024263
sub-01__jax_gpu,AMICA-Python (JAX-GPU),sub-01,22,-1.392746174169098,,,,,,0.38088470100046834
sub-01__jax_gpu,AMICA-Python (JAX-GPU),sub-01,23,-1.3925987457730369,,,,,,0.38352080100230523
sub-01__jax_gpu,AMICA-Python (JAX-GPU),sub-01,24,-1.392455000000951,,,,,,0.38039690199730103
sub-01__jax_gpu,AMICA-Python (JAX-GPU),sub-01,25,-1.392314231637917,,,,,,0.38151320399992983
sub-01__jax_gpu,AMICA-Python (JAX-GPU),sub-01,26,-1.3921773703552347,,,,,,0.3812198029991123
sub-01__jax_gpu,AMICA-Python (JAX-GPU),sub-01,27,-1.392044819540547,,,,,,0.3808413040023879
sub-01__jax_gpu,AMICA-Python (JAX-GPU),sub-01,28,-1.3919155464190598,,,,,,0.38334720399871003
sub-01__jax_gpu,AMICA-Python (JAX-GPU),sub-01,29,-1.3917886920062656,,,,,,0.38035780399877694
sub-01__jax_gpu,AMICA-Python (JAX-GPU),sub-01,30,-1.3916634071718006,,,,,,0.38141110300057335
sub-01__jax_gpu,AMICA-Python (JAX-GPU),sub-01,31,-1.3915400759389003,,,,,,0.38167040400003316
sub-01__jax_gpu,AMICA-Python (JAX-GPU),sub-01,32,-1.3914183150198218,,,,,,0.3818934039991291
sub-01__jax_gpu,AMICA-Python (JAX-GPU),sub-01,33,-1.391298142033019,,,,,,0.38171870299993316
sub-01__jax_gpu,AMICA-Python (JAX-GPU),sub-01,34,-1.3911792447111488,,,,,,0.3840743039982044
sub-01__jax_gpu,AMICA-Python (JAX-GPU),sub-01,35,-1.391061632501008,,,,,,0.38276440399931744
sub-01__jax_gpu,AMICA-Python (JAX-GPU),sub-01,36,-1.390945378554177,,,,,,0.3803543030007859
sub-01__jax_gpu,AMICA-Python (JAX-GPU),sub-01,37,-1.3908300613324118,,,,,,0.38146170400068513
sub-01__jax_gpu,AMICA-Python (JAX-GPU),sub-01,38,-1.3907159229595996,,,,,,0.3820268039999064
sub-01__jax_gpu,AMICA-Python (JAX-GPU),sub-01,39,-1.3906028382070903,,,,,,0.382984903997567
sub-01__jax_gpu,AMICA-Python (JAX-GPU),sub-01,40,-1.3904908061301373,,,,,,0.38218730299922754
sub-01__jax_gpu,AMICA-Python (JAX-GPU),sub-01,41,-1.390379679461782,,,,,,0.38076320399704855
sub-01__jax_gpu,AMICA-Python (JAX-GPU),sub-01,42,-1.3902695582084388,,,,,,0.38176390399894444
sub-01__jax_gpu,AMICA-Python (JAX-GPU),sub-01,43,-1.3901601640054495,,,,,,0.3812306029976753
sub-01__jax_gpu,AMICA-Python (JAX-GPU),sub-01,44,-1.3900516995299474,,,,,,0.3832142039973405
sub-01__jax_gpu,AMICA-Python (JAX-GPU),sub-01,45,-1.3899438882179023,,,,,,0.3821912050007086
sub-01__jax_gpu,AMICA-Python (JAX-GPU),sub-01,46,-1.3898369387469323,,,,,,0.3830590090001351
sub-01__jax_gpu,AMICA-Python (JAX-GPU),sub-01,47,-1.3897305642124016,,,,,,0.3828079090017127
sub-01__jax_gpu,AMICA-Python (JAX-GPU),sub-01,48,-1.3896249773055924,,,,,,0.3818864089989802
sub-01__jax_gpu,AMICA-Python (JAX-GPU),sub-01,49,-1.3895199352822445,,,,,,0.3821682090019749
sub-01__jax_gpu,AMICA-Python (JAX-GPU),sub-01,50,-1.3894154793230138,,,,,,0.3819746089975524
sub-01__jax_gpu,AMICA-Python (JAX-GPU),sub-01,51,-1.3893114931316584,,,,,,0.5017820130015025
sub-01__jax_gpu,AMICA-Python (JAX-GPU),sub-01,52,-1.3891887432458654,,,,,,0.5019890120020136
sub-01__jax_gpu,AMICA-Python (JAX-GPU),sub-01,53,-1.3889537591240826,,,,,,0.5034805120012606
sub-01__jax_gpu,AMICA-Python (JAX-GPU),sub-01,54,-1.388492965291815,,,,,,0.5019564120011637
sub-01__jax_gpu,AMICA-Python (JAX-GPU),sub-01,55,-1.3875818126348278,,,,,,0.503528412002197
sub-01__jax_gpu,AMICA-Python (JAX-GPU),sub-01,56,-1.3861094839916457,,,,,,0.5021182119999139
sub-01__jax_gpu,AMICA-Python (JAX-GPU),sub-01,57,-1.38408887646497,,,,,,0.5014484120001725
sub-01__jax_gpu,AMICA-Python (JAX-GPU),sub-01,58,-1.3815700788979715,,,,,,0.5007152120015235
sub-01__jax_gpu,AMICA-Python (JAX-GPU),sub-01,59,-1.378658785004591,,,,,,0.5010698119986046
sub-01__jax_gpu,AMICA-Python (JAX-GPU),sub-01,60,-1.375518125561723,,,,,,0.5046244119985204
sub-01__jax_gpu,AMICA-Python (JAX-GPU),sub-01,61,-1.3723040676798413,,,,,,0.5045995120017324
sub-01__jax_gpu,AMICA-Python (JAX-GPU),sub-01,62,-1.3690625077693366,,,,,,0.502815711999574
sub-01__jax_gpu,AMICA-Python (JAX-GPU),sub-01,63,-1.3657302974118246,,,,,,0.502981384001032
sub-01__jax_gpu,AMICA-Python (JAX-GPU),sub-01,64,-1.3624779638442786,,,,,,0.5047397910020663
sub-01__jax_gpu,AMICA-Python (JAX-GPU),sub-01,65,-1.3594577055345123,,,,,,0.5052371909987414
sub-01__jax_gpu,AMICA-Python (JAX-GPU),sub-01,66,-1.3565461277818498,,,,,,0.5048934909973468
sub-01__jax_gpu,AMICA-Python (JAX-GPU),sub-01,67,-1.3536492096989279,,,,,,0.5045604909973918
sub-01__jax_gpu,AMICA-Python (JAX-GPU),sub-01,68,-1.350789592931973,,,,,,0.5070309920010914
sub-01__jax_gpu,AMICA-Python (JAX-GPU),sub-01,69,-1.3480002528164707,,,,,,0.5058951909995812
sub-01__jax_gpu,AMICA-Python (JAX-GPU),sub-01,70,-1.345324533215982,,,,,,0.5084558919988922
sub-01__jax_gpu,AMICA-Python (JAX-GPU),sub-01,71,-1.3427752644465771,,,,,,0.5060079920003773
sub-01__jax_gpu,AMICA-Python (JAX-GPU),sub-01,72,-1.3403776450912779,,,,,,0.5061759909985994
sub-01__jax_gpu,AMICA-Python (JAX-GPU),sub-01,73,-1.3381527478787625,,,,,,0.5066388920022291
sub-01__jax_gpu,AMICA-Python (JAX-GPU),sub-01,74,-1.3360452752756373,,,,,,0.5067364909991738
sub-01__jax_gpu,AMICA-Python (JAX-GPU),sub-01,75,-1.33408241910343,,,,,,0.5085233930003596
sub-01__jax_gpu,AMICA-Python (JAX-GPU),sub-01,76,-1.3328472723922458,,,,,,0.5108546930023294
sub-01__jax_gpu,AMICA-Python (JAX-GPU),sub-01,77,-1.3307524964250932,,,,,,0.5080020560017147
sub-01__jax_gpu,AMICA-Python (JAX-GPU),sub-01,78,-1.3292844207844432,,,,,,0.507872314999986
sub-01__jax_gpu,AMICA-Python (JAX-GPU),sub-01,79,-1.3269839750080354,,,,,,0.5079116690030787
sub-01__jax_gpu,AMICA-Python (JAX-GPU),sub-01,80,-1.3259137055129646,,,,,,0.5088955689971044
sub-01__jax_gpu,AMICA-Python (JAX-GPU),sub-01,81,-1.323460496519208,,,,,,0.5115495700010797
sub-01__jax_gpu,AMICA-Python (JAX-GPU),sub-01,82,-1.3230634008768594,,,,,,0.512261268999282
sub-01__jax_gpu,AMICA-Python (JAX-GPU),sub-01,83,-1.320475205945679,,,,,,0.5122168699999747
sub-01__jax_gpu,AMICA-Python (JAX-GPU),sub-01,84,-1.320701777662013,,,,,,0.5117703690011695
sub-01__jax_gpu,AMICA-Python (JAX-GPU),sub-01,85,-1.3185410715533046,,,,,,0.5128043700024136
sub-01__jax_gpu,AMICA-Python (JAX-GPU),sub-01,86,-1.3185474507203268,,,,,,0.5123466689983616
sub-01__jax_gpu,AMICA-Python (JAX-GPU),sub-01,87,-1.3177607437495984,,,,,,0.5123003699991386
sub-01__jax_gpu,AMICA-Python (JAX-GPU),sub-01,88,-1.3160276074169743,,,,,,0.5117387690006581
sub-01__jax_gpu,AMICA-Python (JAX-GPU),sub-01,89,-1.3159268388059375,,,,,,0.5131651699994109
sub-01__jax_gpu,AMICA-Python (JAX-GPU),sub-01,90,-1.3157597776431125,,,,,,0.5136661699980323
sub-01__jax_gpu,AMICA-Python (JAX-GPU),sub-01,91,-1.315109674704758,,,,,,0.5139043699964532
sub-01__jax_gpu,AMICA-Python (JAX-GPU),sub-01,92,-1.315510405067391,,,,,,0.5135750689987617
sub-01__jax_gpu,AMICA-Python (JAX-GPU),sub-01,93,-1.3141657501549682,,,,,,0.512489969998569
sub-01__jax_gpu,AMICA-Python (JAX-GPU),sub-01,94,-1.3126319098402548,,,,,,0.5131368430011207
sub-01__jax_gpu,AMICA-Python (JAX-GPU),sub-01,95,-1.3116145883871584,,,,,,0.5139039169989701
sub-01__jax_gpu,AMICA-Python (JAX-GPU),sub-01,96,-1.3129163258559051,,,,,,0.5137808179970307
sub-01__jax_gpu,AMICA-Python (JAX-GPU),sub-01,97,-1.3107883855427127,,,,,,0.5155755170017073
sub-01__jax_gpu,AMICA-Python (JAX-GPU),sub-01,98,-1.3099757371082903,,,,,,0.5128375169988431
sub-01__jax_gpu,AMICA-Python (JAX-GPU),sub-01,99,-1.3097378452514037,,,,,,0.5129582170011417
sub-01__jax_gpu,AMICA-Python (JAX-GPU),sub-01,100,-1.3096393541452114,,,,,,0.51278131700019
sub-01__jax_gpu,AMICA-Python (JAX-GPU),sub-01,101,-1.3095413450626485,,,,,,0.513155517000996
sub-01__jax_gpu,AMICA-Python (JAX-GPU),sub-01,102,-1.309710668306515,,,,,,0.5130014169990318
sub-01__jax_gpu,AMICA-Python (JAX-GPU),sub-01,103,-1.3094924400356625,,,,,,0.5133773170018685
sub-01__jax_gpu,AMICA-Python (JAX-GPU),sub-01,104,-1.307647815031319,,,,,,0.5133779179996054
sub-01__jax_gpu,AMICA-Python (JAX-GPU),sub-01,105,-1.3075806889367814,,,,,,0.512865717002569
sub-01__jax_gpu,AMICA-Python (JAX-GPU),sub-01,106,-1.3076116415725623,,,,,,0.5137627170006454
sub-01__jax_gpu,AMICA-Python (JAX-GPU),sub-01,107,-1.3077798964426892,,,,,,0.516240316999756
sub-01__jax_gpu,AMICA-Python (JAX-GPU),sub-01,108,-1.3066744376661443,,,,,,0.5132836170014343
sub-01__jax_gpu,AMICA-Python (JAX-GPU),sub-01,109,-1.306456835680543,,,,,,0.5142927170018083
sub-01__jax_gpu,AMICA-Python (JAX-GPU),sub-01,110,-1.3063343744099354,,,,,,0.5145878179973806
sub-01__jax_gpu,AMICA-Python (JAX-GPU),sub-01,111,-1.3062164351893173,,,,,,0.5163728179977625
sub-01__jax_gpu,AMICA-Python (JAX-GPU),sub-01,112,-1.3060909356992922,,,,,,0.5151714179992268
sub-01__jax_gpu,AMICA-Python (JAX-GPU),sub-01,113,-1.3059554245596177,,,,,,0.5137393180011713
sub-01__jax_gpu,AMICA-Python (JAX-GPU),sub-01,114,-1.3058143368445232,,,,,,0.514819517997239
sub-01__jax_gpu,AMICA-Python (JAX-GPU),sub-01,115,-1.3056870557146154,,,,,,0.5142521180023323
sub-01__jax_gpu,AMICA-Python (JAX-GPU),sub-01,116,-1.305640425567141,,,,,,0.5168819179998536
sub-01__jax_gpu,AMICA-Python (JAX-GPU),sub-01,117,-1.3057176604706962,,,,,,0.5150264179974329
sub-01__jax_gpu,AMICA-Python (JAX-GPU),sub-01,118,-1.3058360167296044,,,,,,0.5140230180004437
sub-01__jax_gpu,AMICA-Python (JAX-GPU),sub-01,119,-1.3051867885004604,,,,,,0.5144383179977012
sub-01__jax_gpu,AMICA-Python (JAX-GPU),sub-01,120,-1.3050516054135357,,,,,,0.513930117002019
sub-01__jax_gpu,AMICA-Python (JAX-GPU),sub-01,121,-1.30496973783083,,,,,,0.5134538179991068
sub-01__jax_gpu,AMICA-Python (JAX-GPU),sub-01,122,-1.3048841346088227,,,,,,0.5127776180015644
sub-01__jax_gpu,AMICA-Python (JAX-GPU),sub-01,123,-1.3047909038305996,,,,,,0.5134555179974996
sub-01__jax_gpu,AMICA-Python (JAX-GPU),sub-01,124,-1.3046909272167173,,,,,,0.5140381179990072
sub-01__jax_gpu,AMICA-Python (JAX-GPU),sub-01,125,-1.3045910670224992,,,,,,0.513284217002365
sub-01__jax_gpu,AMICA-Python (JAX-GPU),sub-01,126,-1.3045243300573073,,,,,,0.5134009159992274
sub-01__jax_gpu,AMICA-Python (JAX-GPU),sub-01,127,-1.304564354468477,,,,,,0.5161254160011595
sub-01__jax_gpu,AMICA-Python (JAX-GPU),sub-01,128,-1.3047313364879092,,,,,,0.5152080170009867
sub-01__jax_gpu,AMICA-Python (JAX-GPU),sub-01,129,-1.3042330857998397,,,,,,0.5144449159997748
sub-01__jax_gpu,AMICA-Python (JAX-GPU),sub-01,130,-1.304125996504282,,,,,,0.5178442159995029
sub-01__jax_gpu,AMICA-Python (JAX-GPU),sub-01,131,-1.3040622359610718,,,,,,0.5158570159983356
sub-01__jax_gpu,AMICA-Python (JAX-GPU),sub-01,132,-1.3039955633765123,,,,,,0.5155121160023555
sub-01__jax_gpu,AMICA-Python (JAX-GPU),sub-01,133,-1.303922386695907,,,,,,0.5206916159986577
sub-01__jax_gpu,AMICA-Python (JAX-GPU),sub-01,134,-1.3038442817262823,,,,,,0.5206869169996935
sub-01__jax_gpu,AMICA-Python (JAX-GPU),sub-01,135,-1.303769172827801,,,,,,0.5216417160008859
sub-01__jax_gpu,AMICA-Python (JAX-GPU),sub-01,136,-1.3037389372770656,,,,,,0.5206001160004234
sub-01__jax_gpu,AMICA-Python (JAX-GPU),sub-01,137,-1.3038354876006064,,,,,,0.5226228159990569
sub-01__jax_gpu,AMICA-Python (JAX-GPU),sub-01,138,-1.3040392581229454,,,,,,0.5199591169985069
sub-01__jax_gpu,AMICA-Python (JAX-GPU),sub-01,139,-1.303477470697418,,,,,,0.5191255159988941
sub-01__jax_gpu,AMICA-Python (JAX-GPU),sub-01,140,-1.3033773383157625,,,,,,0.5217485159992066
sub-01__jax_gpu,AMICA-Python (JAX-GPU),sub-01,141,-1.3033194955148302,,,,,,0.5189219899984892
sub-01__jax_gpu,AMICA-Python (JAX-GPU),sub-01,142,-1.3032605326062172,,,,,,0.5204454849990725
sub-01__jax_gpu,AMICA-Python (JAX-GPU),sub-01,143,-1.3031961763014783,,,,,,0.518998785999429
sub-01__jax_gpu,AMICA-Python (JAX-GPU),sub-01,144,-1.3031298069238704,,,,,,0.5171217850001995
sub-01__jax_gpu,AMICA-Python (JAX-GPU),sub-01,145,-1.3030757370187165,,,,,,0.5185722860005626
sub-01__jax_gpu,AMICA-Python (JAX-GPU),sub-01,146,-1.30310847109786,,,,,,0.519250685996667
sub-01__jax_gpu,AMICA-Python (JAX-GPU),sub-01,147,-1.3032931582925316,,,,,,0.516443584998342
sub-01__jax_gpu,AMICA-Python (JAX-GPU),sub-01,148,-1.3028946915095423,,,,,,0.5169075859994336
sub-01__jax_gpu,AMICA-Python (JAX-GPU),sub-01,149,-1.3027717445355185,,,,,,0.5190990849987429
sub-01__jax_gpu,AMICA-Python (JAX-GPU),sub-01,150,-1.3027152611456683,,,,,,0.5196752859992557
sub-01__jax_gpu,AMICA-Python (JAX-GPU),sub-01,151,-1.302655717881209,,,,,,0.520206886001688
sub-01__jax_gpu,AMICA-Python (JAX-GPU),sub-01,152,-1.3025904802235209,,,,,,0.521494584998436
sub-01__jax_gpu,AMICA-Python (JAX-GPU),sub-01,153,-1.3025225338829027,,,,,,0.520126685998548
sub-01__jax_gpu,AMICA-Python (JAX-GPU),sub-01,154,-1.3024741368507844,,,,,,0.5179885850011487
sub-01__jax_gpu,AMICA-Python (JAX-GPU),sub-01,155,-1.3025345736720761,,,,,,0.518126986000425
sub-01__jax_gpu,AMICA-Python (JAX-GPU),sub-01,156,-1.3027616886173832,,,,,,0.5177245929990022
sub-01__jax_gpu,AMICA-Python (JAX-GPU),sub-01,157,-1.302235211486724,,,,,,0.5187186020011723
sub-01__jax_gpu,AMICA-Python (JAX-GPU),sub-01,158,-1.3021276179278245,,,,,,0.518169801998738
sub-01__jax_gpu,AMICA-Python (JAX-GPU),sub-01,159,-1.3020631506031723,,,,,,0.5189807030001248
sub-01__jax_gpu,AMICA-Python (JAX-GPU),sub-01,160,-1.3019965006817285,,,,,,0.5193510019998939
sub-01__jax_gpu,AMICA-Python (JAX-GPU),sub-01,161,-1.30192392855943,,,,,,0.5168337030008843
sub-01__jax_gpu,AMICA-Python (JAX-GPU),sub-01,162,-1.3018533961507905,,,,,,0.5179196019998926
sub-01__jax_gpu,AMICA-Python (JAX-GPU),sub-01,163,-1.3018178406004322,,,,,,0.5192030030011665
sub-01__jax_gpu,AMICA-Python (JAX-GPU),sub-01,164,-1.3019502821239206,,,,,,0.5200498020021769
sub-01__jax_gpu,AMICA-Python (JAX-GPU),sub-01,165,-1.302160627401886,,,,,,0.5183666029988672
sub-01__jax_gpu,AMICA-Python (JAX-GPU),sub-01,166,-1.3015767758657317,,,,,,0.518557901999884
sub-01__jax_gpu,AMICA-Python (JAX-GPU),sub-01,167,-1.301452670125615,,,,,,0.5195406019993243
sub-01__jax_gpu,AMICA-Python (JAX-GPU),sub-01,168,-1.3013926076328015,,,,,,0.5187167029980628
sub-01__jax_gpu,AMICA-Python (JAX-GPU),sub-01,169,-1.3013361683757734,,,,,,0.5190995020020637
sub-01__jax_gpu,AMICA-Python (JAX-GPU),sub-01,170,-1.3012838505606443,,,,,,0.5196314029999485
sub-01__jax_gpu,AMICA-Python (JAX-GPU),sub-01,171,-1.301250431935158,,,,,,0.5171947019989602
sub-01__jax_gpu,AMICA-Python (JAX-GPU),sub-01,172,-1.301307040295098,,,,,,0.51704229799725
sub-01__jax_gpu,AMICA-Python (JAX-GPU),sub-01,173,-1.3015761779672848,,,,,,0.5175709979994281
sub-01__jax_gpu,AMICA-Python (JAX-GPU),sub-01,174,-1.3011227167070054,,,,,,0.5182630979979876
sub-01__jax_gpu,AMICA-Python (JAX-GPU),sub-01,175,-1.3010049275313962,,,,,,0.5184560980014794
sub-01__jax_gpu,AMICA-Python (JAX-GPU),sub-01,176,-1.300961131867477,,,,,,0.5164883980032755
sub-01__jax_gpu,AMICA-Python (JAX-GPU),sub-01,177,-1.3009216534800987,,,,,,0.5177176979996148
sub-01__jax_gpu,AMICA-Python (JAX-GPU),sub-01,178,-1.3008880938617413,,,,,,0.5184967979985231
sub-01__jax_gpu,AMICA-Python (JAX-GPU),sub-01,179,-1.3008769340154347,,,,,,0.5168785980022221
sub-01__jax_gpu,AMICA-Python (JAX-GPU),sub-01,180,-1.3009679901702593,,,,,,0.5222189980013354
sub-01__jax_gpu,AMICA-Python (JAX-GPU),sub-01,181,-1.3012792934609814,,,,,,0.5186156979980296
sub-01__jax_gpu,AMICA-Python (JAX-GPU),sub-01,182,-1.300792939486227,,,,,,0.5172820980005781
sub-01__jax_gpu,AMICA-Python (JAX-GPU),sub-01,183,-1.3006822024096536,,,,,,0.5191645980012254
sub-01__jax_gpu,AMICA-Python (JAX-GPU),sub-01,184,-1.3006451287768777,,,,,,0.5183302980003646
sub-01__jax_gpu,AMICA-Python (JAX-GPU),sub-01,185,-1.3006143173933222,,,,,,0.5165915979996498
sub-01__jax_gpu,AMICA-Python (JAX-GPU),sub-01,186,-1.3005939821017076,,,,,,0.5176800980007101
sub-01__jax_gpu,AMICA-Python (JAX-GPU),sub-01,187,-1.3006079103915478,,,,,,0.5178251910001563
sub-01__jax_gpu,AMICA-Python (JAX-GPU),sub-01,188,-1.3007565854558427,,,,,,0.5182500860028085
sub-01__jax_gpu,AMICA-Python (JAX-GPU),sub-01,189,-1.3005257300653623,,,,,,0.5172081849996175
sub-01__jax_gpu,AMICA-Python (JAX-GPU),sub-01,190,-1.300443725594761,,,,,,0.5189532859985775
sub-01__jax_gpu,AMICA-Python (JAX-GPU),sub-01,191,-1.3004139122026757,,,,,,0.5164311849985097
sub-01__jax_gpu,AMICA-Python (JAX-GPU),sub-01,192,-1.3003858368041084,,,,,,0.519813784998405
sub-01__jax_gpu,AMICA-Python (JAX-GPU),sub-01,193,-1.3003575686011921,,,,,,0.5187930859974585
sub-01__jax_gpu,AMICA-Python (JAX-GPU),sub-01,194,-1.3003374129923597,,,,,,0.5178443849981704
sub-01__jax_gpu,AMICA-Python (JAX-GPU),sub-01,195,-1.3003619925527006,,,,,,0.5171340859997144
sub-01__jax_gpu,AMICA-Python (JAX-GPU),sub-01,196,-1.3005857582053988,,,,,,0.5176130850013578
sub-01__jax_gpu,AMICA-Python (JAX-GPU),sub-01,197,-1.3003069957510798,,,,,,0.5169923850007763
sub-01__jax_gpu,AMICA-Python (JAX-GPU),sub-01,198,-1.300206490752762,,,,,,0.5179799860015919
sub-01__jax_gpu,AMICA-Python (JAX-GPU),sub-01,199,-1.3001753497215784,,,,,,0.5166184849986166
sub-01__jax_gpu,AMICA-Python (JAX-GPU),sub-01,200,-1.3001511832883892,,,,,,0.5223816850011644
sub-01__jax_gpu,AMICA-Python (JAX-GPU),sub-01,201,-1.3001348332821363,,,,,,0.5201010860000679
sub-01__jax_gpu,AMICA-Python (JAX-GPU),sub-01,202,-1.300158339917271,,,,,,0.5176778840032057
sub-01__jax_gpu,AMICA-Python (JAX-GPU),sub-01,203,-1.3003151615759432,,,,,,0.5174720739996701
sub-01__jax_gpu,AMICA-Python (JAX-GPU),sub-01,204,-1.300107997819967,,,,,,0.516052873001172
sub-01__jax_gpu,AMICA-Python (JAX-GPU),sub-01,205,-1.3000048391578098,,,,,,0.5216078729972651
sub-01__jax_gpu,AMICA-Python (JAX-GPU),sub-01,206,-1.299978146808432,,,,,,0.517359473000397
sub-01__jax_gpu,AMICA-Python (JAX-GPU),sub-01,207,-1.2999531462296734,,,,,,0.5195137730006536
sub-01__jax_gpu,AMICA-Python (JAX-GPU),sub-01,208,-1.2999309122055753,,,,,,0.5185775739992096
sub-01__jax_gpu,AMICA-Python (JAX-GPU),sub-01,209,-1.299923746427,,,,,,0.5257825720000255
sub-01__jax_gpu,AMICA-Python (JAX-GPU),sub-01,210,-1.3000005267020733,,,,,,0.5171254739980213
sub-01__jax_gpu,AMICA-Python (JAX-GPU),sub-01,211,-1.300324814598624,,,,,,0.5191490729994257
sub-01__jax_gpu,AMICA-Python (JAX-GPU),sub-01,212,-1.29991410779627,,,,,,0.5174498730011692
sub-01__jax_gpu,AMICA-Python (JAX-GPU),sub-01,213,-1.2997980905050377,,,,,,0.5194612729974324
sub-01__jax_gpu,AMICA-Python (JAX-GPU),sub-01,214,-1.2997697263223256,,,,,,0.518133872999897
sub-01__jax_gpu,AMICA-Python (JAX-GPU),sub-01,215,-1.299751136603842,,,,,,0.517950073000975
sub-01__jax_gpu,AMICA-Python (JAX-GPU),sub-01,216,-1.2997561184716337,,,,,,0.5170714740015683
sub-01__jax_gpu,AMICA-Python (JAX-GPU),sub-01,217,-1.29983296625211,,,,,,0.5177235730006942
sub-01__jax_gpu,AMICA-Python (JAX-GPU),sub-01,218,-1.2997089141168217,,,,,,0.5169438949997129
sub-01__jax_gpu,AMICA-Python (JAX-GPU),sub-01,219,-1.2996363827924649,,,,,,0.5164016090020596
sub-01__jax_gpu,AMICA-Python (JAX-GPU),sub-01,220,-1.2996145958638987,,,,,,0.5166308090010716
sub-01__jax_gpu,AMICA-Python (JAX-GPU),sub-01,221,-1.2995922126123196,,,,,,0.519764008000493
sub-01__jax_gpu,AMICA-Python (JAX-GPU),sub-01,222,-1.2995690457023001,,,,,,0.5184692090006138
sub-01__jax_gpu,AMICA-Python (JAX-GPU),sub-01,223,-1.2995492336064363,,,,,,0.5175268090024474
sub-01__jax_gpu,AMICA-Python (JAX-GPU),sub-01,224,-1.2995607608823858,,,,,,0.5161825089999184
sub-01__jax_gpu,AMICA-Python (JAX-GPU),sub-01,225,-1.2997329739605898,,,,,,0.5179059090005467
sub-01__jax_gpu,AMICA-Python (JAX-GPU),sub-01,226,-1.299583373669798,,,,,,0.5171214090005378
sub-01__jax_gpu,AMICA-Python (JAX-GPU),sub-01,227,-1.299450057354137,,,,,,0.5166685090007377
sub-01__jax_gpu,AMICA-Python (JAX-GPU),sub-01,228,-1.299426280150491,,,,,,0.517976708997594
sub-01__jax_gpu,AMICA-Python (JAX-GPU),sub-01,229,-1.2994088070271916,,,,,,0.5181483080014004
sub-01__jax_gpu,AMICA-Python (JAX-GPU),sub-01,230,-1.299409411984795,,,,,,0.5188091089985392
sub-01__jax_gpu,AMICA-Python (JAX-GPU),sub-01,231,-1.299474538133126,,,,,,0.5182241090005846
sub-01__jax_gpu,AMICA-Python (JAX-GPU),sub-01,232,-1.299379537432264,,,,,,0.5178675089991884
sub-01__jax_gpu,AMICA-Python (JAX-GPU),sub-01,233,-1.2993086415763986,,,,,,0.5188933090030332
sub-01__jax_gpu,AMICA-Python (JAX-GPU),sub-01,234,-1.2992885134243666,,,,,,0.5189113129999896
sub-01__jax_gpu,AMICA-Python (JAX-GPU),sub-01,235,-1.29926810201647,,,,,,0.5175085120026779
sub-01__jax_gpu,AMICA-Python (JAX-GPU),sub-01,236,-1.2992476130271913,,,,,,0.5173652130033588
sub-01__jax_gpu,AMICA-Python (JAX-GPU),sub-01,237,-1.299234035749611,,,,,,0.5183254120020138
sub-01__jax_gpu,AMICA-Python (JAX-GPU),sub-01,238,-1.299271995508256,,,,,,0.5178306119996705
sub-01__jax_gpu,AMICA-Python (JAX-GPU),sub-01,239,-1.2995330086607098,,,,,,0.5190728130000934
sub-01__jax_gpu,AMICA-Python (JAX-GPU),sub-01,240,-1.2992791507855193,,,,,,0.5191851119998319
sub-01__jax_gpu,AMICA-Python (JAX-GPU),sub-01,241,-1.299142945395783,,,,,,0.5175047129996528
sub-01__jax_gpu,AMICA-Python (JAX-GPU),sub-01,242,-1.2991204561770284,,,,,,0.519465912002488
sub-01__jax_gpu,AMICA-Python (JAX-GPU),sub-01,243,-1.2991093822722957,,,,,,0.5222193119989242
sub-01__jax_gpu,AMICA-Python (JAX-GPU),sub-01,244,-1.2991334903801093,,,,,,0.5171117130012135
sub-01__jax_gpu,AMICA-Python (JAX-GPU),sub-01,245,-1.2992593148783793,,,,,,0.5176583120010037
sub-01__jax_gpu,AMICA-Python (JAX-GPU),sub-01,246,-1.2990902341915365,,,,,,0.5192456130025676
sub-01__jax_gpu,AMICA-Python (JAX-GPU),sub-01,247,-1.299003907781406,,,,,,0.5166761119980947
sub-01__jax_gpu,AMICA-Python (JAX-GPU),sub-01,248,-1.2989832553660325,,,,,,0.5166943119984353
sub-01__jax_gpu,AMICA-Python (JAX-GPU),sub-01,249,-1.2989641790104518,,,,,,0.5199522130023979
sub-01__jax_gpu,AMICA-Python (JAX-GPU),sub-01,250,-1.2989489330450075,,,,,,0.5167308119998779
sub-01__jax_gpu,AMICA-Python (JAX-GPU),sub-01,251,-1.2989547981325926,,,,,,0.5168394130014349
sub-01__jax_gpu,AMICA-Python (JAX-GPU),sub-01,252,-1.299077028834639,,,,,,0.5169987119988946
sub-01__jax_gpu,AMICA-Python (JAX-GPU),sub-01,253,-1.298948018543903,,,,,,0.5177176130018779
sub-01__jax_gpu,AMICA-Python (JAX-GPU),sub-01,254,-1.298861215282339,,,,,,0.519275711998489
sub-01__jax_gpu,AMICA-Python (JAX-GPU),sub-01,255,-1.2988388736963254,,,,,,0.5168003129983845
sub-01__jax_gpu,AMICA-Python (JAX-GPU),sub-01,256,-1.2988228314886268,,,,,,0.5204379119968507
sub-01__jax_gpu,AMICA-Python (JAX-GPU),sub-01,257,-1.2988182418204768,,,,,,0.5216799129993888
sub-01__jax_gpu,AMICA-Python (JAX-GPU),sub-01,258,-1.2988745525743604,,,,,,0.5215588120008761
sub-01__jax_gpu,AMICA-Python (JAX-GPU),sub-01,259,-1.2991223056691208,,,,,,0.5221796129990253
sub-01__jax_gpu,AMICA-Python (JAX-GPU),sub-01,260,-1.2988307496837082,,,,,,0.5232258120013284
sub-01__jax_gpu,AMICA-Python (JAX-GPU),sub-01,261,-1.2987177975412691,,,,,,0.5219269130029716
sub-01__jax_gpu,AMICA-Python (JAX-GPU),sub-01,262,-1.298696178883649,,,,,,0.5257886129984399
sub-01__jax_gpu,AMICA-Python (JAX-GPU),sub-01,263,-1.2986839985636784,,,,,,0.5237511119994451
sub-01__jax_gpu,AMICA-Python (JAX-GPU),sub-01,264,-1.298700139875817,,,,,,0.5212409140003729
sub-01__jax_gpu,AMICA-Python (JAX-GPU),sub-01,265,-1.298809152764239,,,,,,0.5213087159972929
sub-01__jax_gpu,AMICA-Python (JAX-GPU),sub-01,266,-1.298674721623353,,,,,,0.521756116002507
sub-01__jax_gpu,AMICA-Python (JAX-GPU),sub-01,267,-1.2985905636038306,,,,,,0.5221270160000131
sub-01__jax_gpu,AMICA-Python (JAX-GPU),sub-01,268,-1.2985719712974468,,,,,,0.5229401169999619
sub-01__jax_gpu,AMICA-Python (JAX-GPU),sub-01,269,-1.2985552314216064,,,,,,0.5214310160008608
sub-01__jax_gpu,AMICA-Python (JAX-GPU),sub-01,270,-1.2985441511668052,,,,,,0.5238815160009835
sub-01__jax_gpu,AMICA-Python (JAX-GPU),sub-01,271,-1.2985621960729046,,,,,,0.5236113169994496
sub-01__jax_gpu,AMICA-Python (JAX-GPU),sub-01,272,-1.2987296961423513,,,,,,0.5215955160019803
sub-01__jax_gpu,AMICA-Python (JAX-GPU),sub-01,273,-1.298559661354674,,,,,,0.5232578159993864
sub-01__jax_gpu,AMICA-Python (JAX-GPU),sub-01,274,-1.298468507532684,,,,,,0.5221950159975677
sub-01__jax_gpu,AMICA-Python (JAX-GPU),sub-01,275,-1.2984483966160072,,,,,,0.5261863170017023
sub-01__jax_gpu,AMICA-Python (JAX-GPU),sub-01,276,-1.298439244797762,,,,,,0.5206570160007686
sub-01__jax_gpu,AMICA-Python (JAX-GPU),sub-01,277,-1.2984519835214239,,,,,,0.5223454160004621
sub-01__jax_gpu,AMICA-Python (JAX-GPU),sub-01,278,-1.2985652336279958,,,,,,0.5227675159985665
sub-01__jax_gpu,AMICA-Python (JAX-GPU),sub-01,279,-1.298428256282956,,,,,,0.5210950170003343
sub-01__jax_gpu,AMICA-Python (JAX-GPU),sub-01,280,-1.2983601034573125,,,,,,0.5216449110012036
sub-01__jax_gpu,AMICA-Python (JAX-GPU),sub-01,281,-1.2983422269757352,,,,,,0.5222876119987632
sub-01__jax_gpu,AMICA-Python (JAX-GPU),sub-01,282,-1.2983289683664194,,,,,,0.5214358109988098
sub-01__jax_gpu,AMICA-Python (JAX-GPU),sub-01,283,-1.2983238298096023,,,,,,0.5248141119991487
sub-01__jax_gpu,AMICA-Python (JAX-GPU),sub-01,284,-1.298365419519563,,,,,,0.5243144119995122
sub-01__jax_gpu,AMICA-Python (JAX-GPU),sub-01,285,-1.2985848289130633,,,,,,0.5209824110024783
sub-01__jax_gpu,AMICA-Python (JAX-GPU),sub-01,286,-1.2983690557660605,,,,,,0.5219119120010873
sub-01__jax_gpu,AMICA-Python (JAX-GPU),sub-01,287,-1.2982507914597754,,,,,,0.5211008109981776
sub-01__jax_gpu,AMICA-Python (JAX-GPU),sub-01,288,-1.2982341170799376,,,,,,0.5225001120015804
sub-01__jax_gpu,AMICA-Python (JAX-GPU),sub-01,289,-1.298228318330677,,,,,,0.5220381110011658
sub-01__jax_gpu,AMICA-Python (JAX-GPU),sub-01,290,-1.298257846307136,,,,,,0.5215296120004496
sub-01__jax_gpu,AMICA-Python (JAX-GPU),sub-01,291,-1.2984001769574418,,,,,,0.526826010998775
sub-01__jax_gpu,AMICA-Python (JAX-GPU),sub-01,292,-1.2982420224916862,,,,,,0.5207725119980751
sub-01__jax_gpu,AMICA-Python (JAX-GPU),sub-01,293,-1.2981508523644372,,,,,,0.5231273110002803
sub-01__jax_gpu,AMICA-Python (JAX-GPU),sub-01,294,-1.2981352911726354,,,,,,0.5228940119995968
sub-01__jax_gpu,AMICA-Python (JAX-GPU),sub-01,295,-1.2981243323977028,,,,,,0.5245428119997086
sub-01__jax_gpu,AMICA-Python (JAX-GPU),sub-01,296,-1.2981268854805665,,,,,,0.5221589120010321
sub-01__jax_gpu,AMICA-Python (JAX-GPU),sub-01,297,-1.2981871093457262,,,,,,0.5221393120009452
sub-01__jax_gpu,AMICA-Python (JAX-GPU),sub-01,298,-1.2981289634534467,,,,,,0.5229316119985015
sub-01__jax_gpu,AMICA-Python (JAX-GPU),sub-01,299,-1.2980632465413386,,,,,,0.5241241120020277
sub-01__jax_gpu,AMICA-Python (JAX-GPU),sub-01,300,-1.298050030646267,,,,,,0.52126371200211
sub-01__jax_gpu,AMICA-Python (JAX-GPU),sub-01,301,-1.2980385906931355,,,,,,0.5235587120005221
sub-01__jax_gpu,AMICA-Python (JAX-GPU),sub-01,302,-1.2980337645072293,,,,,,0.5219963119998283
sub-01__jax_gpu,AMICA-Python (JAX-GPU),sub-01,303,-1.2980626435638618,,,,,,0.5228979120001895
sub-01__jax_gpu,AMICA-Python (JAX-GPU),sub-01,304,-1.298263335479196,,,,,,0.5226588120021916
sub-01__jax_gpu,AMICA-Python (JAX-GPU),sub-01,305,-1.2980780089131552,,,,,,0.5225895120020141
sub-01__jax_gpu,AMICA-Python (JAX-GPU),sub-01,306,-1.2979846661623027,,,,,,0.5236235119991761
sub-01__jax_gpu,AMICA-Python (JAX-GPU),sub-01,307,-1.297969449295041,,,,,,0.5218395119991328
sub-01__jax_gpu,AMICA-Python (JAX-GPU),sub-01,308,-1.2979718474033146,,,,,,0.5231473120002192
sub-01__jax_gpu,AMICA-Python (JAX-GPU),sub-01,309,-1.2980124448511239,,,,,,0.5207444119987485
sub-01__jax_gpu,AMICA-Python (JAX-GPU),sub-01,310,-1.297955021166,,,,,,0.5207796120012063
sub-01__jax_gpu,AMICA-Python (JAX-GPU),sub-01,311,-1.2979108532902233,,,,,,0.5226116129997536
sub-01__jax_gpu,AMICA-Python (JAX-GPU),sub-01,312,-1.2979003492302164,,,,,,0.5221575119976478
sub-01__jax_gpu,AMICA-Python (JAX-GPU),sub-01,313,-1.2978901362274307,,,,,,0.5218208120022609
sub-01__jax_gpu,AMICA-Python (JAX-GPU),sub-01,314,-1.2978813454926938,,,,,,0.5211757120014227
sub-01__jax_gpu,AMICA-Python (JAX-GPU),sub-01,315,-1.297883471281255,,,,,,0.5212601120001636
sub-01__jax_gpu,AMICA-Python (JAX-GPU),sub-01,316,-1.2979598807622768,,,,,,0.5221323119985755
sub-01__jax_gpu,AMICA-Python (JAX-GPU),sub-01,317,-1.2979178179076194,,,,,,0.5223324120015604
sub-01__jax_gpu,AMICA-Python (JAX-GPU),sub-01,318,-1.2978448712486657,,,,,,0.5210832120028499
sub-01__jax_gpu,AMICA-Python (JAX-GPU),sub-01,319,-1.2978331193347818,,,,,,0.5215834119990177
sub-01__jax_gpu,AMICA-Python (JAX-GPU),sub-01,320,-1.2978322496658474,,,,,,0.522053312000935
sub-01__jax_gpu,AMICA-Python (JAX-GPU),sub-01,321,-1.2978570139637327,,,,,,0.5213118129977374
sub-01__jax_gpu,AMICA-Python (JAX-GPU),sub-01,322,-1.2979987951016776,,,,,,0.5226211120025255
sub-01__jax_gpu,AMICA-Python (JAX-GPU),sub-01,323,-1.2978576781703182,,,,,,0.5232450119983696
sub-01__jax_gpu,AMICA-Python (JAX-GPU),sub-01,324,-1.2977870980435584,,,,,,0.5213774120020389
sub-01__jax_gpu,AMICA-Python (JAX-GPU),sub-01,325,-1.297775339451941,,,,,,0.5228944120026426
sub-01__jax_gpu,AMICA-Python (JAX-GPU),sub-01,326,-1.2977728290302915,,,,,,0.5209157140016032
sub-01__jax_gpu,AMICA-Python (JAX-GPU),sub-01,327,-1.2977894803986691,,,,,,0.5216496129978623
sub-01__jax_gpu,AMICA-Python (JAX-GPU),sub-01,328,-1.2978973636350108,,,,,,0.525263214000006
sub-01__jax_gpu,AMICA-Python (JAX-GPU),sub-01,329,-1.2977980880553768,,,,,,0.5216433140012668
sub-01__jax_gpu,AMICA-Python (JAX-GPU),sub-01,330,-1.297734145193866,,,,,,0.5236431140001514
sub-01__jax_gpu,AMICA-Python (JAX-GPU),sub-01,331,-1.2977237211333732,,,,,,0.5216378139994049
sub-01__jax_gpu,AMICA-Python (JAX-GPU),sub-01,332,-1.2977206422475671,,,,,,0.5231606130000728
sub-01__jax_gpu,AMICA-Python (JAX-GPU),sub-01,333,-1.29773282957153,,,,,,0.5267149140017864
sub-01__jax_gpu,AMICA-Python (JAX-GPU),sub-01,334,-1.2978211103987203,,,,,,0.5211289139988367
sub-01__jax_gpu,AMICA-Python (JAX-GPU),sub-01,335,-1.29774658359263,,,,,,0.5203245140000945
sub-01__jax_gpu,AMICA-Python (JAX-GPU),sub-01,336,-1.297687524956936,,,,,,0.5221303130019805
sub-01__jax_gpu,AMICA-Python (JAX-GPU),sub-01,337,-1.2976781166579294,,,,,,0.5214956140007416
sub-01__jax_gpu,AMICA-Python (JAX-GPU),sub-01,338,-1.2976754345502897,,,,,,0.5232914139996865
sub-01__jax_gpu,AMICA-Python (JAX-GPU),sub-01,339,-1.297686713392638,,,,,,0.5217093139981444
sub-01__jax_gpu,AMICA-Python (JAX-GPU),sub-01,340,-1.2977691983470083,,,,,,0.5219717129984929
sub-01__jax_gpu,AMICA-Python (JAX-GPU),sub-01,341,-1.2977030000099163,,,,,,0.5222109009991982
sub-01__jax_gpu,AMICA-Python (JAX-GPU),sub-01,342,-1.297646133850703,,,,,,0.522073192998505
sub-01__jax_gpu,AMICA-Python (JAX-GPU),sub-01,343,-1.2976374455352533,,,,,,0.524534591997508
sub-01__jax_gpu,AMICA-Python (JAX-GPU),sub-01,344,-1.2976353894016899,,,,,,0.5209266919991933
sub-01__jax_gpu,AMICA-Python (JAX-GPU),sub-01,345,-1.2976474216138978,,,,,,0.5209956920007244
sub-01__jax_gpu,AMICA-Python (JAX-GPU),sub-01,346,-1.297731124080056,,,,,,0.5228886929980945
sub-01__jax_gpu,AMICA-Python (JAX-GPU),sub-01,347,-1.2976658165284107,,,,,,0.5253772919968469
sub-01__jax_gpu,AMICA-Python (JAX-GPU),sub-01,348,-1.297608875623995,,,,,,0.5227992920008546
sub-01__jax_gpu,AMICA-Python (JAX-GPU),sub-01,349,-1.2976006710936931,,,,,,0.5215406919996894
sub-01__jax_gpu,AMICA-Python (JAX-GPU),sub-01,350,-1.2975994339640513,,,,,,0.5205981929975678
sub-01__jax_gpu,AMICA-Python (JAX-GPU),sub-01,351,-1.2976130366864798,,,,,,0.5211230920031085
sub-01__jax_gpu,AMICA-Python (JAX-GPU),sub-01,352,-1.2977014557668058,,,,,,0.5208769919991028
sub-01__jax_gpu,AMICA-Python (JAX-GPU),sub-01,353,-1.2976332980434553,,,,,,0.5226795929993386
sub-01__jax_gpu,AMICA-Python (JAX-GPU),sub-01,354,-1.2975751906192305,,,,,,0.5211226920000627
sub-01__jax_gpu,AMICA-Python (JAX-GPU),sub-01,355,-1.2975673642519536,,,,,,0.5233355919990572
sub-01__jax_gpu,AMICA-Python (JAX-GPU),sub-01,356,-1.2975669682241753,,,,,,0.5227990979983588
sub-01__jax_gpu,AMICA-Python (JAX-GPU),sub-01,357,-1.2975824462661643,,,,,,0.522021812001185
sub-01__jax_gpu,AMICA-Python (JAX-GPU),sub-01,358,-1.2976770411688745,,,,,,0.5224662129985518
sub-01__jax_gpu,AMICA-Python (JAX-GPU),sub-01,359,-1.2976041596008892,,,,,,0.5223481119974167
sub-01__jax_gpu,AMICA-Python (JAX-GPU),sub-01,360,-1.2975445506503387,,,,,,0.5213980120024644
sub-01__jax_gpu,AMICA-Python (JAX-GPU),sub-01,361,-1.2975370445410244,,,,,,0.5204481129985652
sub-01__jax_gpu,AMICA-Python (JAX-GPU),sub-01,362,-1.2975374593804108,,,,,,0.5203077119986119
sub-01__jax_gpu,AMICA-Python (JAX-GPU),sub-01,363,-1.2975549110061992,,,,,,0.5207308120006928
sub-01__jax_gpu,AMICA-Python (JAX-GPU),sub-01,364,-1.2975350728329555,,,,,,0.5210246130009182
sub-01__jax_gpu,AMICA-Python (JAX-GPU),sub-01,365,-1.2975131245227718,,,,,,0.523351111998636
sub-01__jax_gpu,AMICA-Python (JAX-GPU),sub-01,366,-1.2975085877028127,,,,,,0.5214553129990236
sub-01__jax_gpu,AMICA-Python (JAX-GPU),sub-01,367,-1.2975044337909443,,,,,,0.5228286120000121
sub-01__jax_gpu,AMICA-Python (JAX-GPU),sub-01,368,-1.2975014235932198,,,,,,0.5217025130004913
sub-01__jax_gpu,AMICA-Python (JAX-GPU),sub-01,369,-1.2975060961401537,,,,,,0.5218685120016744
sub-01__jax_gpu,AMICA-Python (JAX-GPU),sub-01,370,-1.2975653536325875,,,,,,0.5232176120007352
sub-01__jax_gpu,AMICA-Python (JAX-GPU),sub-01,371,-1.297551439609704,,,,,,0.5224283129973628
sub-01__jax_gpu,AMICA-Python (JAX-GPU),sub-01,372,-1.2974927864778176,,,,,,0.5239725139981601
sub-01__jax_gpu,AMICA-Python (JAX-GPU),sub-01,373,-1.297486706180253,,,,,,0.5237825149997661
sub-01__jax_gpu,AMICA-Python (JAX-GPU),sub-01,374,-1.2974931554369453,,,,,,0.5224093149990949
sub-01__jax_gpu,AMICA-Python (JAX-GPU),sub-01,375,-1.2975312100102845,,,,,,0.5226560150003934
sub-01__jax_gpu,AMICA-Python (JAX-GPU),sub-01,376,-1.297497457225341,,,,,,0.5215291140011686
sub-01__jax_gpu,AMICA-Python (JAX-GPU),sub-01,377,-1.2974620390380973,,,,,,0.5212072149988671
sub-01__jax_gpu,AMICA-Python (JAX-GPU),sub-01,378,-1.2974574713844946,,,,,,0.5208056150004268
sub-01__jax_gpu,AMICA-Python (JAX-GPU),sub-01,379,-1.2974543429137657,,,,,,0.5210554139994201
sub-01__jax_gpu,AMICA-Python (JAX-GPU),sub-01,380,-1.2974549019267068,,,,,,0.5247919150024245
sub-01__jax_gpu,AMICA-Python (JAX-GPU),sub-01,381,-1.2974739430578588,,,,,,0.5208666149992496
sub-01__jax_gpu,AMICA-Python (JAX-GPU),sub-01,382,-1.2974656414046999,,,,,,0.5223041140015994
sub-01__jax_gpu,AMICA-Python (JAX-GPU),sub-01,383,-1.297439408916034,,,,,,0.5240484149981057
sub-01__jax_gpu,AMICA-Python (JAX-GPU),sub-01,384,-1.2974353479513083,,,,,,0.5227536150014203
sub-01__jax_gpu,AMICA-Python (JAX-GPU),sub-01,385,-1.2974330715627502,,,,,,0.5224161149999418
sub-01__jax_gpu,AMICA-Python (JAX-GPU),sub-01,386,-1.2974368650208157,,,,,,0.5222112139999808
sub-01__jax_gpu,AMICA-Python (JAX-GPU),sub-01,387,-1.297471021585211,,,,,,0.5210050960013177
sub-01__jax_gpu,AMICA-Python (JAX-GPU),sub-01,388,-1.2974594113703484,,,,,,0.5224131799986935
sub-01__jax_gpu,AMICA-Python (JAX-GPU),sub-01,389,-1.2974197697933383,,,,,,0.5231943810031225
sub-01__jax_gpu,AMICA-Python (JAX-GPU),sub-01,390,-1.2974155773908536,,,,,,0.522085780998168
sub-01__jax_gpu,AMICA-Python (JAX-GPU),sub-01,391,-1.2974146710208079,,,,,,0.5215607809986977
sub-01__jax_gpu,AMICA-Python (JAX-GPU),sub-01,392,-1.297424283455486,,,,,,0.5220535810003639
sub-01__jax_gpu,AMICA-Python (JAX-GPU),sub-01,393,-1.2974829437610904,,,,,,0.5238978800007317
sub-01__jax_gpu,AMICA-Python (JAX-GPU),sub-01,394,-1.2974573940264118,,,,,,0.5219800810009474
sub-01__jax_gpu,AMICA-Python (JAX-GPU),sub-01,395,-1.2974015216081185,,,,,,0.5216692809990491
sub-01__jax_gpu,AMICA-Python (JAX-GPU),sub-01,396,-1.2973971533785498,,,,,,0.5210017809986311
sub-01__jax_gpu,AMICA-Python (JAX-GPU),sub-01,397,-1.2973975653640544,,,,,,0.5217849809996551
sub-01__jax_gpu,AMICA-Python (JAX-GPU),sub-01,398,-1.297412737694686,,,,,,0.5243017800021335
sub-01__jax_gpu,AMICA-Python (JAX-GPU),sub-01,399,-1.2973964402188596,,,,,,0.5216890810006589
sub-01__jax_gpu,AMICA-Python (JAX-GPU),sub-01,400,-1.2973814598405358,,,,,,0.5226717810000991
sub-01__jax_gpu,AMICA-Python (JAX-GPU),sub-01,401,-1.2973781049521593,,,,,,0.5224413809992257
sub-01__jax_gpu,AMICA-Python (JAX-GPU),sub-01,402,-1.2973756235633045,,,,,,0.5210376850009197
sub-01__jax_gpu,AMICA-Python (JAX-GPU),sub-01,403,-1.2973746743547359,,,,,,0.5255531010006962
sub-01__jax_gpu,AMICA-Python (JAX-GPU),sub-01,404,-1.2973834801266477,,,,,,0.5236198999991757
sub-01__jax_gpu,AMICA-Python (JAX-GPU),sub-01,405,-1.297452934886828,,,,,,0.5219439009997586
sub-01__jax_gpu,AMICA-Python (JAX-GPU),sub-01,406,-1.2974471248112767,,,,,,0.5243153010014794
sub-01__jax_gpu,AMICA-Python (JAX-GPU),sub-01,407,-1.2973715102556445,,,,,,0.5214353010014747
sub-01__jax_gpu,AMICA-Python (JAX-GPU),sub-01,408,-1.2973684787050996,,,,,,0.5223832000010589
sub-01__jax_gpu,AMICA-Python (JAX-GPU),sub-01,409,-1.2973759664798834,,,,,,0.5219064010016154
sub-01__jax_gpu,AMICA-Python (JAX-GPU),sub-01,410,-1.2974207757923049,,,,,,0.5216305009998905
sub-01__jax_gpu,AMICA-Python (JAX-GPU),sub-01,411,-1.297380728784818,,,,,,0.5209556999980123
sub-01__jax_gpu,AMICA-Python (JAX-GPU),sub-01,412,-1.2973504784622314,,,,,,0.5228639009983453
sub-01__jax_gpu,AMICA-Python (JAX-GPU),sub-01,413,-1.2973465434492988,,,,,,0.522792200998083
sub-01__jax_gpu,AMICA-Python (JAX-GPU),sub-01,414,-1.2973454362895538,,,,,,0.5247990009993373
sub-01__jax_gpu,AMICA-Python (JAX-GPU),sub-01,415,-1.2973490725915358,,,,,,0.524310400000104
sub-01__jax_gpu,AMICA-Python (JAX-GPU),sub-01,416,-1.297379203239184,,,,,,0.522708901000442
sub-01__jax_gpu,AMICA-Python (JAX-GPU),sub-01,417,-1.2973651245711462,,,,,,0.5225474010003381
sub-01__jax_gpu,AMICA-Python (JAX-GPU),sub-01,418,-1.2973373264892007,,,,,,0.5231254350001109
sub-01__jax_gpu,AMICA-Python (JAX-GPU),sub-01,419,-1.297333659927771,,,,,,0.5246224279981107
sub-01__jax_gpu,AMICA-Python (JAX-GPU),sub-01,420,-1.2973340792637722,,,,,,0.5224818280003092
sub-01__jax_gpu,AMICA-Python (JAX-GPU),sub-01,421,-1.2973433964882084,,,,,,0.5251888279999548
sub-01__jax_gpu,AMICA-Python (JAX-GPU),sub-01,422,-1.297334558844154,,,,,,0.5222871289988689
sub-01__jax_gpu,AMICA-Python (JAX-GPU),sub-01,423,-1.297322671014592,,,,,,0.523080327999196
sub-01__jax_gpu,AMICA-Python (JAX-GPU),sub-01,424,-1.2973204265393379,,,,,,0.5220323290013766
sub-01__jax_gpu,AMICA-Python (JAX-GPU),sub-01,425,-1.297318614207696,,,,,,0.5227552280011878
sub-01__jax_gpu,AMICA-Python (JAX-GPU),sub-01,426,-1.2973178022624408,,,,,,0.5245290279999608
sub-01__jax_gpu,AMICA-Python (JAX-GPU),sub-01,427,-1.2973227475011329,,,,,,0.5230563290024293
sub-01__jax_gpu,AMICA-Python (JAX-GPU),sub-01,428,-1.2973689800138157,,,,,,0.522130727997137
sub-01__jax_gpu,AMICA-Python (JAX-GPU),sub-01,429,-1.2973669216607109,,,,,,0.5220204289980757
sub-01__jax_gpu,AMICA-Python (JAX-GPU),sub-01,430,-1.29731990889754,,,,,,0.5205627280010958
sub-01__jax_gpu,AMICA-Python (JAX-GPU),sub-01,431,-1.2973163713210034,,,,,,0.5223109290018328
sub-01__jax_gpu,AMICA-Python (JAX-GPU),sub-01,432,-1.2973253163354006,,,,,,0.5215024560020538
sub-01__jax_gpu,AMICA-Python (JAX-GPU),sub-01,433,-1.2973668598207533,,,,,,0.5220375969984161
sub-01__jax_gpu,AMICA-Python (JAX-GPU),sub-01,434,-1.2973360484749343,,,,,,0.5231562899971323
sub-01__jax_gpu,AMICA-Python (JAX-GPU),sub-01,435,-1.29730105634572,,,,,,0.5265149900005781
sub-01__jax_gpu,AMICA-Python (JAX-GPU),sub-01,436,-1.29729827958295,,,,,,0.5222381899984612
sub-01__jax_gpu,AMICA-Python (JAX-GPU),sub-01,437,-1.2972974582287065,,,,,,0.5208251909971295
sub-01__jax_gpu,AMICA-Python (JAX-GPU),sub-01,438,-1.297301510375749,,,,,,0.5220565899981011
sub-01__jax_gpu,AMICA-Python (JAX-GPU),sub-01,439,-1.297328597391382,,,,,,0.5231521899986546
sub-01__jax_gpu,AMICA-Python (JAX-GPU),sub-01,440,-1.29732113623358,,,,,,0.5210146899989923
sub-01__jax_gpu,AMICA-Python (JAX-GPU),sub-01,441,-1.297291165235003,,,,,,0.5235110900030122
sub-01__jax_gpu,AMICA-Python (JAX-GPU),sub-01,442,-1.2972886765768956,,,,,,0.5222977900011756
sub-01__jax_gpu,AMICA-Python (JAX-GPU),sub-01,443,-1.2972889399211058,,,,,,0.523042289998557
sub-01__jax_gpu,AMICA-Python (JAX-GPU),sub-01,444,-1.2972977772252032,,,,,,0.5238068910002767
sub-01__jax_gpu,AMICA-Python (JAX-GPU),sub-01,445,-1.297289020346818,,,,,,0.5215220899990527
sub-01__jax_gpu,AMICA-Python (JAX-GPU),sub-01,446,-1.2972798969031034,,,,,,0.5216934899981425
sub-01__jax_gpu,AMICA-Python (JAX-GPU),sub-01,447,-1.2972779626780766,,,,,,0.5217642899988277
sub-01__jax_gpu,AMICA-Python (JAX-GPU),sub-01,448,-1.297276594874745,,,,,,0.5211612950006383
sub-01__jax_gpu,AMICA-Python (JAX-GPU),sub-01,449,-1.2972762894263412,,,,,,0.5222645089997968
sub-01__jax_gpu,AMICA-Python (JAX-GPU),sub-01,450,-1.2972825479552357,,,,,,0.5211220099990896
sub-01__jax_gpu,AMICA-Python (JAX-GPU),sub-01,451,-1.297332042897955,,,,,,0.521509108999453
sub-01__jax_gpu,AMICA-Python (JAX-GPU),sub-01,452,-1.2973367016990083,,,,,,0.5242046099992876
sub-01__jax_gpu,AMICA-Python (JAX-GPU),sub-01,453,-1.2972779662362715,,,,,,0.5232279090014345
sub-01__jax_gpu,AMICA-Python (JAX-GPU),sub-01,454,-1.297266209330088,,,,,,0.523240808997798
sub-01__jax_gpu,AMICA-Python (JAX-GPU),sub-01,455,-1.297264389823064,,,,,,0.52185790999647
sub-01__jax_gpu,AMICA-Python (JAX-GPU),sub-01,456,-1.2972628885954058,,,,,,0.5239204089994018
sub-01__jax_gpu,AMICA-Python (JAX-GPU),sub-01,457,-1.2972614411157495,,,,,,0.521809210000356
sub-01__jax_gpu,AMICA-Python (JAX-GPU),sub-01,458,-1.2972600819684572,,,,,,0.5213896089990158
sub-01__jax_gpu,AMICA-Python (JAX-GPU),sub-01,459,-1.2972587780908829,,,,,,0.5233533089995035
sub-01__jax_gpu,AMICA-Python (JAX-GPU),sub-01,460,-1.297257609992845,,,,,,0.5219251100024849
sub-01__jax_gpu,AMICA-Python (JAX-GPU),sub-01,461,-1.297256523347207,,,,,,0.521694008999475
sub-01__jax_gpu,AMICA-Python (JAX-GPU),sub-01,462,-1.2972556739439702,,,,,,0.5229446099983761
sub-01__jax_gpu,AMICA-Python (JAX-GPU),sub-01,463,-1.297254890121221,,,,,,0.5219951090002724
sub-01__jax_gpu,AMICA-Python (JAX-GPU),sub-01,464,-1.2972546466315886,,,,,,0.5216353400028311
sub-01__jax_gpu,AMICA-Python (JAX-GPU),sub-01,465,-1.2972544449089956,,,,,,0.5231282419990748
sub-01__jax_gpu,AMICA-Python (JAX-GPU),sub-01,466,-1.2972551616353352,,,,,,0.5229686430029687
sub-01__jax_gpu,AMICA-Python (JAX-GPU),sub-01,467,-1.2972559632374485,,,,,,0.5243570420025208
sub-01__jax_gpu,AMICA-Python (JAX-GPU),sub-01,468,-1.2972477342134263,,,,,,0.5240253429983568
sub-01__jax_gpu,AMICA-Python (JAX-GPU),sub-01,469,-1.2972440214405523,,,,,,0.5227177429987933
sub-01__jax_gpu,AMICA-Python (JAX-GPU),sub-01,470,-1.2972427752397515,,,,,,0.5216354420008429
sub-01__jax_gpu,AMICA-Python (JAX-GPU),sub-01,471,-1.2972414496489906,,,,,,0.5230810430002748
sub-01__jax_gpu,AMICA-Python (JAX-GPU),sub-01,472,-1.2972401134010703,,,,,,0.5220181419972505
sub-01__jax_gpu,AMICA-Python (JAX-GPU),sub-01,473,-1.297238807134282,,,,,,0.5226779429976887
sub-01__jax_gpu,AMICA-Python (JAX-GPU),sub-01,474,-1.2972375251018498,,,,,,0.5205868419980106
sub-01__jax_gpu,AMICA-Python (JAX-GPU),sub-01,475,-1.2972362779516764,,,,,,0.5203226430021459
sub-01__jax_gpu,AMICA-Python (JAX-GPU),sub-01,476,-1.2972350820132654,,,,,,0.5236854419999872
sub-01__jax_gpu,AMICA-Python (JAX-GPU),sub-01,477,-1.2972339250892666,,,,,,0.5221683429990662
sub-01__jax_gpu,AMICA-Python (JAX-GPU),sub-01,478,-1.297232837036878,,,,,,0.5226901419991918
sub-01__jax_gpu,AMICA-Python (JAX-GPU),sub-01,479,-1.297231821269403,,,,,,0.5229108220009948
sub-01__jax_gpu,AMICA-Python (JAX-GPU),sub-01,480,-1.2972309310503862,,,,,,0.5206764069989731
sub-01__jax_gpu,AMICA-Python (JAX-GPU),sub-01,481,-1.2972301183625454,,,,,,0.5224807070007955
sub-01__jax_gpu,AMICA-Python (JAX-GPU),sub-01,482,-1.2972295489804553,,,,,,0.5250165069992363
sub-01__jax_gpu,AMICA-Python (JAX-GPU),sub-01,483,-1.297229037274604,,,,,,0.5229020070000843
sub-01__jax_gpu,AMICA-Python (JAX-GPU),sub-01,484,-1.2972290430171236,,,,,,0.5229776070009393
sub-01__jax_gpu,AMICA-Python (JAX-GPU),sub-01,485,-1.297229090468084,,,,,,0.5376105070026824
sub-01__jax_gpu,AMICA-Python (JAX-GPU),sub-01,486,-1.297224433869657,,,,,,0.5236209070026234
sub-01__jax_gpu,AMICA-Python (JAX-GPU),sub-01,487,-1.2972221085660702,,,,,,0.5236091070000839
sub-01__jax_gpu,AMICA-Python (JAX-GPU),sub-01,488,-1.2972210946167042,,,,,,0.5242270070011728
sub-01__jax_gpu,AMICA-Python (JAX-GPU),sub-01,489,-1.297220003652708,,,,,,0.5235648070010939
sub-01__jax_gpu,AMICA-Python (JAX-GPU),sub-01,490,-1.2972189160985896,,,,,,0.5219052069987811
sub-01__jax_gpu,AMICA-Python (JAX-GPU),sub-01,491,-1.2972178344792387,,,,,,0.5208387069978926
sub-01__jax_gpu,AMICA-Python (JAX-GPU),sub-01,492,-1.2972167807875732,,,,,,0.525066907001019
sub-01__jax_gpu,AMICA-Python (JAX-GPU),sub-01,493,-1.29721574421494,,,,,,0.5226259070004744
sub-01__jax_gpu,AMICA-Python (JAX-GPU),sub-01,494,-1.2972147338326152,,,,,,0.5235202059993753
sub-01__jax_gpu,AMICA-Python (JAX-GPU),sub-01,495,-1.2972137489219178,,,,,,0.5246535070000391
sub-01__jax_gpu,AMICA-Python (JAX-GPU),sub-01,496,-1.297212821152118,,,,,,0.523538206001831
sub-01__jax_gpu,AMICA-Python (JAX-GPU),sub-01,497,-1.2972119332263996,,,,,,0.5222359060026065
sub-01__jax_gpu,AMICA-Python (JAX-GPU),sub-01,498,-1.2972111308371754,,,,,,0.525217207003152
sub-01__jax_gpu,AMICA-Python (JAX-GPU),sub-01,499,-1.2972103945729512,,,,,,0.5239523060008651
sub-01__jax_gpu,AMICA-Python (JAX-GPU),sub-01,500,-1.297209812326981,,,,,,0.5240007069987769
sub-01__jax_gpu,AMICA-Python (JAX-GPU),sub-01,501,-1.2972093126020692,,,,,,0.523755705999065
sub-01__jax_gpu,AMICA-Python (JAX-GPU),sub-01,502,-1.2972091128198517,,,,,,0.5256720059987856
sub-01__jax_gpu,AMICA-Python (JAX-GPU),sub-01,503,-1.297208970572185,,,,,,0.5233852070014109
sub-01__jax_gpu,AMICA-Python (JAX-GPU),sub-01,504,-1.2972095068681826,,,,,,0.521590106000076
sub-01__jax_gpu,AMICA-Python (JAX-GPU),sub-01,505,-1.2972100582428676,,,,,,0.5237414059993171
sub-01__jax_gpu,AMICA-Python (JAX-GPU),sub-01,506,-1.2972045490854023,,,,,,0.522909006998816
sub-01__jax_gpu,AMICA-Python (JAX-GPU),sub-01,507,-1.297202002922785,,,,,,0.5255503059997864
sub-01__jax_gpu,AMICA-Python (JAX-GPU),sub-01,508,-1.2972011478088505,,,,,,0.5237148059968604
sub-01__jax_gpu,AMICA-Python (JAX-GPU),sub-01,509,-1.2972002270140808,,,,,,0.5211636070016539
sub-01__jax_gpu,AMICA-Python (JAX-GPU),sub-01,510,-1.2971993031164752,,,,,,0.5218205969977134
sub-01__jax_gpu,AMICA-Python (JAX-GPU),sub-01,511,-1.2971983874793225,,,,,,0.5216729980020318
sub-01__jax_gpu,AMICA-Python (JAX-GPU),sub-01,512,-1.2971974935294468,,,,,,0.5222720980018494
sub-01__jax_gpu,AMICA-Python (JAX-GPU),sub-01,513,-1.2971966179174463,,,,,,0.5244218970001384
sub-01__jax_gpu,AMICA-Python (JAX-GPU),sub-01,514,-1.2971957700700705,,,,,,0.5226398980012164
sub-01__jax_gpu,AMICA-Python (JAX-GPU),sub-01,515,-1.2971949470488615,,,,,,0.5231108970001515
sub-01__jax_gpu,AMICA-Python (JAX-GPU),sub-01,516,-1.2971941790746537,,,,,,0.5209605980016931
sub-01__jax_gpu,AMICA-Python (JAX-GPU),sub-01,517,-1.2971934556141391,,,,,,0.5223192980010936
sub-01__jax_gpu,AMICA-Python (JAX-GPU),sub-01,518,-1.2971928238351196,,,,,,0.5218316969985608
sub-01__jax_gpu,AMICA-Python (JAX-GPU),sub-01,519,-1.2971922524364647,,,,,,0.5218977979966439
sub-01__jax_gpu,AMICA-Python (JAX-GPU),sub-01,520,-1.2971918642067428,,,,,,0.5208553979973658
sub-01__jax_gpu,AMICA-Python (JAX-GPU),sub-01,521,-1.297191541048696,,,,,,0.520235996998963
sub-01__jax_gpu,AMICA-Python (JAX-GPU),sub-01,522,-1.2971916001428776,,,,,,0.5219499979975808
sub-01__jax_gpu,AMICA-Python (JAX-GPU),sub-01,523,-1.297191709336548,,,,,,0.5228355969993572
sub-01__jax_gpu,AMICA-Python (JAX-GPU),sub-01,524,-1.2971879849682852,,,,,,0.5238649979983165
sub-01__jax_gpu,AMICA-Python (JAX-GPU),sub-01,525,-1.2971861111603449,,,,,,0.5226732980008819
sub-01__jax_gpu,AMICA-Python (JAX-GPU),sub-01,526,-1.297185324652117,,,,,,0.5229447979982069
sub-01__jax_gpu,AMICA-Python (JAX-GPU),sub-01,527,-1.2971844637361263,,,,,,0.5271212980005657
sub-01__jax_gpu,AMICA-Python (JAX-GPU),sub-01,528,-1.2971835856124234,,,,,,0.5258238980022725
sub-01__jax_gpu,AMICA-Python (JAX-GPU),sub-01,529,-1.2971827125055948,,,,,,0.5228168980029295
sub-01__jax_gpu,AMICA-Python (JAX-GPU),sub-01,530,-1.2971818501161787,,,,,,0.5232751980001922
sub-01__jax_gpu,AMICA-Python (JAX-GPU),sub-01,531,-1.2971809968548063,,,,,,0.5221195989979606
sub-01__jax_gpu,AMICA-Python (JAX-GPU),sub-01,532,-1.2971801626478432,,,,,,0.521415197999886
sub-01__jax_gpu,AMICA-Python (JAX-GPU),sub-01,533,-1.297179337843341,,,,,,0.5207832980013336
sub-01__jax_gpu,AMICA-Python (JAX-GPU),sub-01,534,-1.2971785483496874,,,,,,0.5228082979992905
sub-01__jax_gpu,AMICA-Python (JAX-GPU),sub-01,535,-1.2971777881030293,,,,,,0.5216200979994028
sub-01__jax_gpu,AMICA-Python (JAX-GPU),sub-01,536,-1.2971771093702227,,,,,,0.5260539979972236
sub-01__jax_gpu,AMICA-Python (JAX-GPU),sub-01,537,-1.297176474563789,,,,,,0.5240162979971501
sub-01__jax_gpu,AMICA-Python (JAX-GPU),sub-01,538,-1.2971759822739575,,,,,,0.5234916980007256
sub-01__jax_gpu,AMICA-Python (JAX-GPU),sub-01,539,-1.297175580873248,,,,,,0.523323599001742
sub-01__jax_gpu,AMICA-Python (JAX-GPU),sub-01,540,-1.297175451156893,,,,,,0.52165948900074
sub-01__jax_gpu,AMICA-Python (JAX-GPU),sub-01,541,-1.2971753809495332,,,,,,0.5207161719990836
sub-01__jax_gpu,AMICA-Python (JAX-GPU),sub-01,542,-1.29717597047166,,,,,,0.5219461729975592
sub-01__jax_gpu,AMICA-Python (JAX-GPU),sub-01,543,-1.2971765651059546,,,,,,0.5207912720034074
sub-01__jax_gpu,AMICA-Python (JAX-GPU),sub-01,544,-1.297171306197235,,,,,,0.5213184730018838
sub-01__jax_gpu,AMICA-Python (JAX-GPU),sub-01,545,-1.297168899573367,,,,,,0.5228834720001032
sub-01__jax_gpu,AMICA-Python (JAX-GPU),sub-01,546,-1.2971681080920612,,,,,,0.521914672001003
sub-01__jax_gpu,AMICA-Python (JAX-GPU),sub-01,547,-1.297167254018865,,,,,,0.5202107730001444
sub-01__jax_gpu,AMICA-Python (JAX-GPU),sub-01,548,-1.2971663814011591,,,,,,0.5220847720011079
sub-01__jax_gpu,AMICA-Python (JAX-GPU),sub-01,549,-1.2971655157488233,,,,,,0.5227263730012055
sub-01__jax_gpu,AMICA-Python (JAX-GPU),sub-01,550,-1.2971646710473492,,,,,,0.520217771998432
sub-01__jax_gpu,AMICA-Python (JAX-GPU),sub-01,551,-1.297163839023981,,,,,,0.5211917730011919
sub-01__jax_gpu,AMICA-Python (JAX-GPU),sub-01,552,-1.2971630351478645,,,,,,0.5224986720022571
sub-01__jax_gpu,AMICA-Python (JAX-GPU),sub-01,553,-1.2971622482512903,,,,,,0.524788571998215
sub-01__jax_gpu,AMICA-Python (JAX-GPU),sub-01,554,-1.2971615146942561,,,,,,0.5262493720001657
sub-01__jax_gpu,AMICA-Python (JAX-GPU),sub-01,555,-1.297160826059009,,,,,,0.5252309729985427
sub-01__jax_gpu,AMICA-Python (JAX-GPU),sub-01,556,-1.2971602276334213,,,,,,0.5293284910003422
sub-01__jax_gpu,AMICA-Python (JAX-GPU),sub-01,557,-1.2971597008304017,,,,,,0.5259436910018849
sub-01__jax_gpu,AMICA-Python (JAX-GPU),sub-01,558,-1.2971593592623114,,,,,,0.525054290999833
sub-01__jax_gpu,AMICA-Python (JAX-GPU),sub-01,559,-1.2971590812712523,,,,,,0.5249801909994858
sub-01__jax_gpu,AMICA-Python (JAX-GPU),sub-01,560,-1.2971592092873845,,,,,,0.5273752909997711
sub-01__jax_gpu,AMICA-Python (JAX-GPU),sub-01,561,-1.2971593772195515,,,,,,0.5262767919994076
sub-01__jax_gpu,AMICA-Python (JAX-GPU),sub-01,562,-1.2971556023604267,,,,,,0.5271115909999935
sub-01__jax_gpu,AMICA-Python (JAX-GPU),sub-01,563,-1.29715373087953,,,,,,0.5256796909998229
sub-01__jax_gpu,AMICA-Python (JAX-GPU),sub-01,564,-1.2971529720173929,,,,,,0.5259523910026473
sub-01__jax_gpu,AMICA-Python (JAX-GPU),sub-01,565,-1.2971521478669117,,,,,,0.5249860909971176
sub-01__jax_gpu,AMICA-Python (JAX-GPU),sub-01,566,-1.2971513023350794,,,,,,0.5254775909997988
sub-01__jax_gpu,AMICA-Python (JAX-GPU),sub-01,567,-1.2971504597860513,,,,,,0.5255679920010152
sub-01__jax_gpu,AMICA-Python (JAX-GPU),sub-01,568,-1.297149637881656,,,,,,0.5274054910005361
sub-01__jax_gpu,AMICA-Python (JAX-GPU),sub-01,569,-1.297148831652819,,,,,,0.5266375909995986
sub-01__jax_gpu,AMICA-Python (JAX-GPU),sub-01,570,-1.2971480387505128,,,,,,0.5253109910008789
sub-01__jax_gpu,AMICA-Python (JAX-GPU),sub-01,571,-1.2971472668132054,,,,,,0.5255215959987254
sub-01__jax_gpu,AMICA-Python (JAX-GPU),sub-01,572,-1.2971465359242156,,,,,,0.5255863969978236
sub-01__jax_gpu,AMICA-Python (JAX-GPU),sub-01,573,-1.2971458458745586,,,,,,0.5277931970013015
sub-01__jax_gpu,AMICA-Python (JAX-GPU),sub-01,574,-1.2971452348837167,,,,,,0.5258739969976887
sub-01__jax_gpu,AMICA-Python (JAX-GPU),sub-01,575,-1.29714467318977,,,,,,0.5268527970001742
sub-01__jax_gpu,AMICA-Python (JAX-GPU),sub-01,576,-1.2971442595378193,,,,,,0.5264363970018167
sub-01__jax_gpu,AMICA-Python (JAX-GPU),sub-01,577,-1.2971439218116498,,,,,,0.5259614969982067
sub-01__jax_gpu,AMICA-Python (JAX-GPU),sub-01,578,-1.2971438763995478,,,,,,0.5261291969982267
sub-01__jax_gpu,AMICA-Python (JAX-GPU),sub-01,579,-1.297143902266402,,,,,,0.5286672969996289
sub-01__jax_gpu,AMICA-Python (JAX-GPU),sub-01,580,-1.2971446093052874,,,,,,0.5279050969984382
sub-01__jax_gpu,AMICA-Python (JAX-GPU),sub-01,581,-1.2971400989657846,,,,,,0.5277178959986486
sub-01__jax_gpu,AMICA-Python (JAX-GPU),sub-01,582,-1.2971383096263323,,,,,,0.5292014970000309
sub-01__jax_gpu,AMICA-Python (JAX-GPU),sub-01,583,-1.2971375813965749,,,,,,0.5266982969988021
sub-01__jax_gpu,AMICA-Python (JAX-GPU),sub-01,584,-1.2971367962615508,,,,,,0.5266223969993007
sub-01__jax_gpu,AMICA-Python (JAX-GPU),sub-01,585,-1.297136000774736,,,,,,0.5270778969970706
sub-01__jax_gpu,AMICA-Python (JAX-GPU),sub-01,586,-1.297135224016146,,,,,,0.5257636969981831
sub-01__jax_gpu,AMICA-Python (JAX-GPU),sub-01,587,-1.2971344504483293,,,,,,0.525063097000384
sub-01__jax_gpu,AMICA-Python (JAX-GPU),sub-01,588,-1.2971336995851759,,,,,,0.5277164969993464
sub-01__jax_gpu,AMICA-Python (JAX-GPU),sub-01,589,-1.2971329665336846,,,,,,0.5272833969975181
sub-01__jax_gpu,AMICA-Python (JAX-GPU),sub-01,590,-1.297132268304843,,,,,,0.5265623970008164
sub-01__jax_gpu,AMICA-Python (JAX-GPU),sub-01,591,-1.297131613120411,,,,,,0.5254680969992478
sub-01__jax_gpu,AMICA-Python (JAX-GPU),sub-01,592,-1.297131024472214,,,,,,0.5266315970002324
sub-01__jax_gpu,AMICA-Python (JAX-GPU),sub-01,593,-1.2971304921053513,,,,,,0.5257489960022212
sub-01__jax_gpu,AMICA-Python (JAX-GPU),sub-01,594,-1.2971300835061352,,,,,,0.5288086969994765
sub-01__jax_gpu,AMICA-Python (JAX-GPU),sub-01,595,-1.2971297698603637,,,,,,0.5294408970003133
sub-01__jax_gpu,AMICA-Python (JAX-GPU),sub-01,596,-1.2971296922525526,,,,,,0.5266538970026886
sub-01__jax_gpu,AMICA-Python (JAX-GPU),sub-01,597,-1.297129686208756,,,,,,0.5271038969985966
sub-01__jax_gpu,AMICA-Python (JAX-GPU),sub-01,598,-1.297130234962758,,,,,,0.525956497000152
sub-01__jax_gpu,AMICA-Python (JAX-GPU),sub-01,599,-1.297130847105765,,,,,,0.5266718970015063
sub-01__jax_gpu,AMICA-Python (JAX-GPU),sub-01,600,-1.2971262854089265,,,,,,0.5266293969980325
sub-01__jax_gpu,AMICA-Python (JAX-GPU),sub-01,601,-1.2971241790748416,,,,,,0.5246291959992959
sub-01__jax_gpu,AMICA-Python (JAX-GPU),sub-01,602,-1.2971235354400492,,,,,,0.5247502950005583
sub-01__jax_gpu,AMICA-Python (JAX-GPU),sub-01,603,-1.2971228528690837,,,,,,0.5260701940023864
sub-01__jax_gpu,AMICA-Python (JAX-GPU),sub-01,604,-1.2971221612121635,,,,,,0.5275061949978408
sub-01__jax_gpu,AMICA-Python (JAX-GPU),sub-01,605,-1.297121475787963,,,,,,0.5275102949999564
sub-01__jax_gpu,AMICA-Python (JAX-GPU),sub-01,606,-1.297120825813141,,,,,,0.5272000949989888
sub-01__jax_gpu,AMICA-Python (JAX-GPU),sub-01,607,-1.2971201792078804,,,,,,0.5291006950028532
sub-01__jax_gpu,AMICA-Python (JAX-GPU),sub-01,608,-1.2971195589567333,,,,,,0.5281690949996118
sub-01__jax_gpu,AMICA-Python (JAX-GPU),sub-01,609,-1.2971189585688323,,,,,,0.5279613940001582
sub-01__jax_gpu,AMICA-Python (JAX-GPU),sub-01,610,-1.2971184113707566,,,,,,0.5280398950017116
sub-01__jax_gpu,AMICA-Python (JAX-GPU),sub-01,611,-1.2971179093007068,,,,,,0.5260948950017337
sub-01__jax_gpu,AMICA-Python (JAX-GPU),sub-01,612,-1.2971175087707325,,,,,,0.5286355950011057
sub-01__jax_gpu,AMICA-Python (JAX-GPU),sub-01,613,-1.2971171692100993,,,,,,0.5275365949964907
sub-01__jax_gpu,AMICA-Python (JAX-GPU),sub-01,614,-1.2971170170345296,,,,,,0.5338281949989323
sub-01__jax_gpu,AMICA-Python (JAX-GPU),sub-01,615,-1.2971169455855036,,,,,,0.5270468939997954
sub-01__jax_gpu,AMICA-Python (JAX-GPU),sub-01,616,-1.2971172349906521,,,,,,0.5263662959987414
sub-01__jax_gpu,AMICA-Python (JAX-GPU),sub-01,617,-1.2971176020280528,,,,,,0.529548998001701
sub-01__jax_gpu,AMICA-Python (JAX-GPU),sub-01,618,-1.2971141366320422,,,,,,0.526116696997633
sub-01__jax_gpu,AMICA-Python (JAX-GPU),sub-01,619,-1.2971124626455417,,,,,,0.5259993979998399
sub-01__jax_gpu,AMICA-Python (JAX-GPU),sub-01,620,-1.2971118958346646,,,,,,0.527431198002887
sub-01__jax_gpu,AMICA-Python (JAX-GPU),sub-01,621,-1.297111299496076,,,,,,0.5270081979979295
sub-01__jax_gpu,AMICA-Python (JAX-GPU),sub-01,622,-1.2971106996266843,,,,,,0.5268924980009615
sub-01__jax_gpu,AMICA-Python (JAX-GPU),sub-01,623,-1.2971101052079106,,,,,,0.5282363970000006
sub-01__jax_gpu,AMICA-Python (JAX-GPU),sub-01,624,-1.2971095307969884,,,,,,0.5253125979979814
sub-01__jax_gpu,AMICA-Python (JAX-GPU),sub-01,625,-1.2971089693846076,,,,,,0.526234797998768
sub-01__jax_gpu,AMICA-Python (JAX-GPU),sub-01,626,-1.2971084330457994,,,,,,0.5268530979992647
sub-01__jax_gpu,AMICA-Python (JAX-GPU),sub-01,627,-1.29710792125002,,,,,,0.527681097999448
sub-01__jax_gpu,AMICA-Python (JAX-GPU),sub-01,628,-1.297107449842822,,,,,,0.5287854979978874
sub-01__jax_gpu,AMICA-Python (JAX-GPU),sub-01,629,-1.2971070141439511,,,,,,0.5283060969995859
sub-01__jax_gpu,AMICA-Python (JAX-GPU),sub-01,630,-1.2971066541258898,,,,,,0.5265578979997372
sub-01__jax_gpu,AMICA-Python (JAX-GPU),sub-01,631,-1.297106359495029,,,,,,0.5273843979994126
sub-01__jax_gpu,AMICA-Python (JAX-GPU),sub-01,632,-1.2971062194685716,,,,,,0.5277693950010871
sub-01__jax_gpu,AMICA-Python (JAX-GPU),sub-01,633,-1.2971061646971627,,,,,,0.5257354950008448
sub-01__jax_gpu,AMICA-Python (JAX-GPU),sub-01,634,-1.2971063999106445,,,,,,0.5277015950014174
sub-01__jax_gpu,AMICA-Python (JAX-GPU),sub-01,635,-1.2971067141015649,,,,,,0.5255046950005635
sub-01__jax_gpu,AMICA-Python (JAX-GPU),sub-01,636,-1.2971037129905454,,,,,,0.5255819960002555
sub-01__jax_gpu,AMICA-Python (JAX-GPU),sub-01,637,-1.2971022506198562,,,,,,0.5267676949988527
sub-01__jax_gpu,AMICA-Python (JAX-GPU),sub-01,638,-1.2971017474666513,,,,,,0.5284519950000686
sub-01__jax_gpu,AMICA-Python (JAX-GPU),sub-01,639,-1.2971012165997289,,,,,,0.5259303950006142
sub-01__jax_gpu,AMICA-Python (JAX-GPU),sub-01,640,-1.2971006841668653,,,,,,0.5270388949975313
sub-01__jax_gpu,AMICA-Python (JAX-GPU),sub-01,641,-1.2971001605992338,,,,,,0.5258365949994186
sub-01__jax_gpu,AMICA-Python (JAX-GPU),sub-01,642,-1.2970996491510896,,,,,,0.5261681949996273
sub-01__jax_gpu,AMICA-Python (JAX-GPU),sub-01,643,-1.2970991442494646,,,,,,0.5260194949987635
sub-01__jax_gpu,AMICA-Python (JAX-GPU),sub-01,644,-1.2970986581773676,,,,,,0.5258546949989977
sub-01__jax_gpu,AMICA-Python (JAX-GPU),sub-01,645,-1.297098190702967,,,,,,0.5280068949978158
sub-01__jax_gpu,AMICA-Python (JAX-GPU),sub-01,646,-1.2970977703071185,,,,,,0.5246771959973557
sub-01__jax_gpu,AMICA-Python (JAX-GPU),sub-01,647,-1.2970973815758295,,,,,,0.5247831980013871
sub-01__jax_gpu,AMICA-Python (JAX-GPU),sub-01,648,-1.2970970645416962,,,,,,0.5253932000014174
sub-01__jax_gpu,AMICA-Python (JAX-GPU),sub-01,649,-1.2970967983439963,,,,,,0.5257044989994029
sub-01__jax_gpu,AMICA-Python (JAX-GPU),sub-01,650,-1.2970966700093987,,,,,,0.5252040000013949
sub-01__jax_gpu,AMICA-Python (JAX-GPU),sub-01,651,-1.297096638264185,,,,,,0.5258232000014686
sub-01__jax_gpu,AMICA-Python (JAX-GPU),sub-01,652,-1.2970968660897408,,,,,,0.5287980989996868
sub-01__jax_gpu,AMICA-Python (JAX-GPU),sub-01,653,-1.297097156789905,,,,,,0.526059300002089
sub-01__jax_gpu,AMICA-Python (JAX-GPU),sub-01,654,-1.2970943808670334,,,,,,0.5249704000016209
sub-01__jax_gpu,AMICA-Python (JAX-GPU),sub-01,655,-1.2970930226961621,,,,,,0.5261056990020734
sub-01__jax_gpu,AMICA-Python (JAX-GPU),sub-01,656,-1.297092563617636,,,,,,0.5246738999994704
sub-01__jax_gpu,AMICA-Python (JAX-GPU),sub-01,657,-1.2970920770765388,,,,,,0.5259452999998757
sub-01__jax_gpu,AMICA-Python (JAX-GPU),sub-01,658,-1.2970915851351035,,,,,,0.5256051989999833
sub-01__jax_gpu,AMICA-Python (JAX-GPU),sub-01,659,-1.2970911048492266,,,,,,0.5268591999993077
sub-01__jax_gpu,AMICA-Python (JAX-GPU),sub-01,660,-1.2970906398060948,,,,,,0.5283710000003339
sub-01__jax_gpu,AMICA-Python (JAX-GPU),sub-01,661,-1.2970901734023565,,,,,,0.5260159989993554
sub-01__jax_gpu,AMICA-Python (JAX-GPU),sub-01,662,-1.2970897293700185,,,,,,0.5269044019987632
sub-01__jax_gpu,AMICA-Python (JAX-GPU),sub-01,663,-1.2970893191389272,,,,,,0.5266201029990043
sub-01__jax_gpu,AMICA-Python (JAX-GPU),sub-01,664,-1.2970889244071564,,,,,,0.5276182029992924
sub-01__jax_gpu,AMICA-Python (JAX-GPU),sub-01,665,-1.297088561589566,,,,,,0.5275448019965552
sub-01__jax_gpu,AMICA-Python (JAX-GPU),sub-01,666,-1.2970882764926932,,,,,,0.5255513030024304
sub-01__jax_gpu,AMICA-Python (JAX-GPU),sub-01,667,-1.297088039900424,,,,,,0.5258802030002698
sub-01__jax_gpu,AMICA-Python (JAX-GPU),sub-01,668,-1.2970879418124344,,,,,,0.5302782029975788
sub-01__jax_gpu,AMICA-Python (JAX-GPU),sub-01,669,-1.2970879314218557,,,,,,0.5298620030007442
sub-01__jax_gpu,AMICA-Python (JAX-GPU),sub-01,670,-1.2970881638154346,,,,,,0.5294361029991705
sub-01__jax_gpu,AMICA-Python (JAX-GPU),sub-01,671,-1.2970884587895428,,,,,,0.5280065029983234
sub-01__jax_gpu,AMICA-Python (JAX-GPU),sub-01,672,-1.2970858165832873,,,,,,0.5272155029997521
sub-01__jax_gpu,AMICA-Python (JAX-GPU),sub-01,673,-1.297084533169581,,,,,,0.5283249029998842
sub-01__jax_gpu,AMICA-Python (JAX-GPU),sub-01,674,-1.2970841048216932,,,,,,0.5266884030024812
sub-01__jax_gpu,AMICA-Python (JAX-GPU),sub-01,675,-1.297083655204746,,,,,,0.5268993030003912
sub-01__jax_gpu,AMICA-Python (JAX-GPU),sub-01,676,-1.297083211224529,,,,,,0.5286074030009331
sub-01__jax_gpu,AMICA-Python (JAX-GPU),sub-01,677,-1.2970827751011065,,,,,,0.5282960020012979
sub-01__jax_gpu,AMICA-Python (JAX-GPU),sub-01,678,-1.2970823486840573,,,,,,0.5259328020001703
sub-01__jax_gpu,AMICA-Python (JAX-GPU),sub-01,679,-1.2970819439147703,,,,,,0.5261095019995992
sub-01__jax_gpu,AMICA-Python (JAX-GPU),sub-01,680,-1.2970815462783338,,,,,,0.5257347029983066
sub-01__jax_gpu,AMICA-Python (JAX-GPU),sub-01,681,-1.2970811529300184,,,,,,0.5261254020006163
sub-01__jax_gpu,AMICA-Python (JAX-GPU),sub-01,682,-1.2970807941737958,,,,,,0.5269107019994408
sub-01__jax_gpu,AMICA-Python (JAX-GPU),sub-01,683,-1.2970804867733978,,,,,,0.5268132019991754
sub-01__jax_gpu,AMICA-Python (JAX-GPU),sub-01,684,-1.2970802330019868,,,,,,0.5292560019988741
sub-01__jax_gpu,AMICA-Python (JAX-GPU),sub-01,685,-1.2970800311768693,,,,,,0.5263449019985273
sub-01__jax_gpu,AMICA-Python (JAX-GPU),sub-01,686,-1.2970799448180867,,,,,,0.5259838020028837
sub-01__jax_gpu,AMICA-Python (JAX-GPU),sub-01,687,-1.2970799501521881,,,,,,0.5258803020005871
sub-01__jax_gpu,AMICA-Python (JAX-GPU),sub-01,688,-1.2970801942510788,,,,,,0.5261336020012095
sub-01__jax_gpu,AMICA-Python (JAX-GPU),sub-01,689,-1.2970780557462835,,,,,,0.5263240019994555
sub-01__jax_gpu,AMICA-Python (JAX-GPU),sub-01,690,-1.2970771214315848,,,,,,0.5262606020005478
sub-01__jax_gpu,AMICA-Python (JAX-GPU),sub-01,691,-1.2970767178271063,,,,,,0.5256883020010719
sub-01__jax_gpu,AMICA-Python (JAX-GPU),sub-01,692,-1.2970763030919374,,,,,,0.526099503000296
sub-01__jax_gpu,AMICA-Python (JAX-GPU),sub-01,693,-1.297075889564098,,,,,,0.5264805080005317
sub-01__jax_gpu,AMICA-Python (JAX-GPU),sub-01,694,-1.2970754602913035,,,,,,0.527205206999497
sub-01__jax_gpu,AMICA-Python (JAX-GPU),sub-01,695,-1.2970750463194407,,,,,,0.5260052080011519
sub-01__jax_gpu,AMICA-Python (JAX-GPU),sub-01,696,-1.297074636099192,,,,,,0.5270915069995681
sub-01__jax_gpu,AMICA-Python (JAX-GPU),sub-01,697,-1.2970742332081342,,,,,,0.5251604080003744
sub-01__jax_gpu,AMICA-Python (JAX-GPU),sub-01,698,-1.297073882411737,,,,,,0.5256701079997583
sub-01__jax_gpu,AMICA-Python (JAX-GPU),sub-01,699,-1.2970735147065238,,,,,,0.5276644069999747
sub-01__jax_gpu,AMICA-Python (JAX-GPU),sub-01,700,-1.2970731874432186,,,,,,0.5267300080013229
sub-01__jax_gpu,AMICA-Python (JAX-GPU),sub-01,701,-1.2970728972804224,,,,,,0.5245340070032398
sub-01__jax_gpu,AMICA-Python (JAX-GPU),sub-01,702,-1.2970726984873338,,,,,,0.5254120079989661
sub-01__jax_gpu,AMICA-Python (JAX-GPU),sub-01,703,-1.2970725216980004,,,,,,0.5269141079988913
sub-01__jax_gpu,AMICA-Python (JAX-GPU),sub-01,704,-1.2970724742743964,,,,,,0.5257345069985604
sub-01__jax_gpu,AMICA-Python (JAX-GPU),sub-01,705,-1.2970725209905323,,,,,,0.5286006079986691
sub-01__jax_gpu,AMICA-Python (JAX-GPU),sub-01,706,-1.2970728400291285,,,,,,0.5269572069992137
sub-01__jax_gpu,AMICA-Python (JAX-GPU),sub-01,707,-1.297070577186228,,,,,,0.5255438079984742
sub-01__jax_gpu,AMICA-Python (JAX-GPU),sub-01,708,-1.2970696325376883,,,,,,0.5262254049994226
sub-01__jax_gpu,AMICA-Python (JAX-GPU),sub-01,709,-1.2970692489715432,,,,,,0.528888103999634
sub-01__jax_gpu,AMICA-Python (JAX-GPU),sub-01,710,-1.2970688189568564,,,,,,0.5267880040009914
sub-01__jax_gpu,AMICA-Python (JAX-GPU),sub-01,711,-1.2970683948993331,,,,,,0.5269519049979863
sub-01__jax_gpu,AMICA-Python (JAX-GPU),sub-01,712,-1.2970679734828126,,,,,,0.5268001040021772
sub-01__jax_gpu,AMICA-Python (JAX-GPU),sub-01,713,-1.2970675839342647,,,,,,0.5284173040017777
sub-01__jax_gpu,AMICA-Python (JAX-GPU),sub-01,714,-1.2970671689303288,,,,,,0.5278355050031678
sub-01__jax_gpu,AMICA-Python (JAX-GPU),sub-01,715,-1.2970667778226252,,,,,,0.524851504000253
sub-01__jax_gpu,AMICA-Python (JAX-GPU),sub-01,716,-1.2970663980991688,,,,,,0.5271158039977308
sub-01__jax_gpu,AMICA-Python (JAX-GPU),sub-01,717,-1.2970660752158258,,,,,,0.5264083050024055
sub-01__jax_gpu,AMICA-Python (JAX-GPU),sub-01,718,-1.2970657517898856,,,,,,0.5257327040017117
sub-01__jax_gpu,AMICA-Python (JAX-GPU),sub-01,719,-1.2970654518086302,,,,,,0.5272091040023952
sub-01__jax_gpu,AMICA-Python (JAX-GPU),sub-01,720,-1.2970652153281836,,,,,,0.5252400049976131
sub-01__jax_gpu,AMICA-Python (JAX-GPU),sub-01,721,-1.2970650531726735,,,,,,0.5267078040014894
sub-01__jax_gpu,AMICA-Python (JAX-GPU),sub-01,722,-1.2970650009108218,,,,,,0.5256760039992514
sub-01__jax_gpu,AMICA-Python (JAX-GPU),sub-01,723,-1.2970650861954995,,,,,,0.525633902001573
sub-01__jax_gpu,AMICA-Python (JAX-GPU),sub-01,724,-1.2970654025902824,,,,,,0.5257617019997269
sub-01__jax_gpu,AMICA-Python (JAX-GPU),sub-01,725,-1.297063042256863,,,,,,0.5250529010008904
sub-01__jax_gpu,AMICA-Python (JAX-GPU),sub-01,726,-1.2970620523109644,,,,,,0.5264007010009664
sub-01__jax_gpu,AMICA-Python (JAX-GPU),sub-01,727,-1.2970616194472113,,,,,,0.5257817010024155
sub-01__jax_gpu,AMICA-Python (JAX-GPU),sub-01,728,-1.2970611883946856,,,,,,0.5287883009987127
sub-01__jax_gpu,AMICA-Python (JAX-GPU),sub-01,729,-1.297060760234365,,,,,,0.5270471020012337
sub-01__jax_gpu,AMICA-Python (JAX-GPU),sub-01,730,-1.297060341709902,,,,,,0.5247884009986592
sub-01__jax_gpu,AMICA-Python (JAX-GPU),sub-01,731,-1.2970599513049912,,,,,,0.5293287009990308
sub-01__jax_gpu,AMICA-Python (JAX-GPU),sub-01,732,-1.2970595474980895,,,,,,0.5277798010029073
sub-01__jax_gpu,AMICA-Python (JAX-GPU),sub-01,733,-1.297059160514517,,,,,,0.5277403010004491
sub-01__jax_gpu,AMICA-Python (JAX-GPU),sub-01,734,-1.2970587670298783,,,,,,0.5261684020006214
sub-01__jax_gpu,AMICA-Python (JAX-GPU),sub-01,735,-1.2970583843798282,,,,,,0.5273547010001494
sub-01__jax_gpu,AMICA-Python (JAX-GPU),sub-01,736,-1.2970580653573658,,,,,,0.5256967009991058
sub-01__jax_gpu,AMICA-Python (JAX-GPU),sub-01,737,-1.2970577581762386,,,,,,0.5286850009979389
sub-01__jax_gpu,AMICA-Python (JAX-GPU),sub-01,738,-1.297057513908198,,,,,,0.5269501020011376
sub-01__jax_gpu,AMICA-Python (JAX-GPU),sub-01,739,-1.2970573273543133,,,,,,0.5274634009983856
sub-01__jax_gpu,AMICA-Python (JAX-GPU),sub-01,740,-1.2970572928916362,,,,,,0.5258648009985336
sub-01__jax_gpu,AMICA-Python (JAX-GPU),sub-01,741,-1.2970573336391138,,,,,,0.5270656020002207
sub-01__jax_gpu,AMICA-Python (JAX-GPU),sub-01,742,-1.297057651371647,,,,,,0.5273417009993864
sub-01__jax_gpu,AMICA-Python (JAX-GPU),sub-01,743,-1.2970552232638917,,,,,,0.5248120010001003
sub-01__jax_gpu,AMICA-Python (JAX-GPU),sub-01,744,-1.2970541493515448,,,,,,0.5488481020001927
sub-01__jax_gpu,AMICA-Python (JAX-GPU),sub-01,745,-1.29705368386331,,,,,,0.5319422009997652
sub-01__jax_gpu,AMICA-Python (JAX-GPU),sub-01,746,-1.2970532308120688,,,,,,0.5286890009992931
sub-01__jax_gpu,AMICA-Python (JAX-GPU),sub-01,747,-1.2970527845265485,,,,,,0.5254459020034119
sub-01__jax_gpu,AMICA-Python (JAX-GPU),sub-01,748,-1.2970523518024002,,,,,,0.5289523009996628
sub-01__jax_gpu,AMICA-Python (JAX-GPU),sub-01,749,-1.2970519063868995,,,,,,0.5274336009970284
sub-01__jax_gpu,AMICA-Python (JAX-GPU),sub-01,750,-1.2970514609855688,,,,,,0.5259505009998975
sub-01__jax_gpu,AMICA-Python (JAX-GPU),sub-01,751,-1.2970510371233435,,,,,,0.5399488020011631
sub-01__jax_gpu,AMICA-Python (JAX-GPU),sub-01,752,-1.2970506055556448,,,,,,0.5291134010003589
sub-01__jax_gpu,AMICA-Python (JAX-GPU),sub-01,753,-1.2970501965292722,,,,,,0.5278784009969968
sub-01__jax_gpu,AMICA-Python (JAX-GPU),sub-01,754,-1.2970498385638176,,,,,,0.5287611019994074
sub-01__jax_gpu,AMICA-Python (JAX-GPU),sub-01,755,-1.2970495393177546,,,,,,0.5274964010022813
sub-01__jax_gpu,AMICA-Python (JAX-GPU),sub-01,756,-1.2970493112226331,,,,,,0.5271456010013935
sub-01__jax_gpu,AMICA-Python (JAX-GPU),sub-01,757,-1.2970491104636346,,,,,,0.5269223010000132
sub-01__jax_gpu,AMICA-Python (JAX-GPU),sub-01,758,-1.2970490554119949,,,,,,0.5280204009977751
sub-01__jax_gpu,AMICA-Python (JAX-GPU),sub-01,759,-1.2970491020900947,,,,,,0.5282827010014444
sub-01__jax_gpu,AMICA-Python (JAX-GPU),sub-01,760,-1.2970494133004304,,,,,,0.5265557019993139
sub-01__jax_gpu,AMICA-Python (JAX-GPU),sub-01,761,-1.2970469101147306,,,,,,0.5284472009989258
sub-01__jax_gpu,AMICA-Python (JAX-GPU),sub-01,762,-1.297045807986222,,,,,,0.5287050009974337
sub-01__jax_gpu,AMICA-Python (JAX-GPU),sub-01,763,-1.2970453114876939,,,,,,0.52715650099708
sub-01__jax_gpu,AMICA-Python (JAX-GPU),sub-01,764,-1.297044823574198,,,,,,0.5245867010016809
sub-01__jax_gpu,AMICA-Python (JAX-GPU),sub-01,765,-1.2970443400863423,,,,,,0.525291701000242
sub-01__jax_gpu,AMICA-Python (JAX-GPU),sub-01,766,-1.2970438567153046,,,,,,0.5263336009993509
sub-01__jax_gpu,AMICA-Python (JAX-GPU),sub-01,767,-1.2970433861928718,,,,,,0.5272036019996449
sub-01__jax_gpu,AMICA-Python (JAX-GPU),sub-01,768,-1.297042926582342,,,,,,0.5277527010002814
sub-01__jax_gpu,AMICA-Python (JAX-GPU),sub-01,769,-1.2970424654437473,,,,,,0.5264334010025777
sub-01__jax_gpu,AMICA-Python (JAX-GPU),sub-01,770,-1.2970420168499461,,,,,,0.5272881019991473
sub-01__jax_gpu,AMICA-Python (JAX-GPU),sub-01,771,-1.2970415958129866,,,,,,0.5252775009976176
sub-01__jax_gpu,AMICA-Python (JAX-GPU),sub-01,772,-1.2970411887459048,,,,,,0.5287787020024552
sub-01__jax_gpu,AMICA-Python (JAX-GPU),sub-01,773,-1.2970408269546856,,,,,,0.5290954020019853
sub-01__jax_gpu,AMICA-Python (JAX-GPU),sub-01,774,-1.297040572583259,,,,,,0.5268940009991638
sub-01__jax_gpu,AMICA-Python (JAX-GPU),sub-01,775,-1.2970403736571452,,,,,,0.527300802001264
sub-01__jax_gpu,AMICA-Python (JAX-GPU),sub-01,776,-1.297040295497609,,,,,,0.5257105010023224
sub-01__jax_gpu,AMICA-Python (JAX-GPU),sub-01,777,-1.2970403038991518,,,,,,0.5270945019983628
sub-01__jax_gpu,AMICA-Python (JAX-GPU),sub-01,778,-1.2970406222585913,,,,,,0.5268823010010237
sub-01__jax_gpu,AMICA-Python (JAX-GPU),sub-01,779,-1.2970380566577435,,,,,,0.5268591019994346
sub-01__jax_gpu,AMICA-Python (JAX-GPU),sub-01,780,-1.2970369668803439,,,,,,0.5267548009978782
sub-01__jax_gpu,AMICA-Python (JAX-GPU),sub-01,781,-1.2970364516835513,,,,,,0.5255487020003784
sub-01__jax_gpu,AMICA-Python (JAX-GPU),sub-01,782,-1.2970359265342433,,,,,,0.5273785009994754
sub-01__jax_gpu,AMICA-Python (JAX-GPU),sub-01,783,-1.2970354184130404,,,,,,0.5259895020026306
sub-01__jax_gpu,AMICA-Python (JAX-GPU),sub-01,784,-1.2970349197406934,,,,,,0.5265763009992952
sub-01__jax_gpu,AMICA-Python (JAX-GPU),sub-01,785,-1.2970344114572194,,,,,,0.5265095009999641
sub-01__jax_gpu,AMICA-Python (JAX-GPU),sub-01,786,-1.2970339358114502,,,,,,0.5297989020000387
sub-01__jax_gpu,AMICA-Python (JAX-GPU),sub-01,787,-1.2970334434331714,,,,,,0.5281381009990582
sub-01__jax_gpu,AMICA-Python (JAX-GPU),sub-01,788,-1.2970329851892757,,,,,,0.5271645009997883
sub-01__jax_gpu,AMICA-Python (JAX-GPU),sub-01,789,-1.297032533973039,,,,,,0.5270811009977479
sub-01__jax_gpu,AMICA-Python (JAX-GPU),sub-01,790,-1.297032142118625,,,,,,0.5304452009986562
sub-01__jax_gpu,AMICA-Python (JAX-GPU),sub-01,791,-1.2970317996193916,,,,,,0.5275483010009339
sub-01__jax_gpu,AMICA-Python (JAX-GPU),sub-01,792,-1.2970315154819572,,,,,,0.5267770020000171
sub-01__jax_gpu,AMICA-Python (JAX-GPU),sub-01,793,-1.297031302489315,,,,,,0.527890801000467
sub-01__jax_gpu,AMICA-Python (JAX-GPU),sub-01,794,-1.2970312313188628,,,,,,0.5256192009983351
sub-01__jax_gpu,AMICA-Python (JAX-GPU),sub-01,795,-1.2970312299560813,,,,,,0.5304325010001776
sub-01__jax_gpu,AMICA-Python (JAX-GPU),sub-01,796,-1.2970315242216266,,,,,,0.5246847009984776
sub-01__jax_gpu,AMICA-Python (JAX-GPU),sub-01,797,-1.2970319466871656,,,,,,0.5261835009987408
sub-01__jax_gpu,AMICA-Python (JAX-GPU),sub-01,798,-1.2970288313821376,,,,,,0.526359602001321
sub-01__jax_gpu,AMICA-Python (JAX-GPU),sub-01,799,-1.297027275133483,,,,,,0.5261907999993127
sub-01__jax_gpu,AMICA-Python (JAX-GPU),sub-01,800,-1.2970267579595334,,,,,,0.5264164010004606
sub-01__jax_gpu,AMICA-Python (JAX-GPU),sub-01,801,-1.2970262634090062,,,,,,0.5257319999982428
sub-01__jax_gpu,AMICA-Python (JAX-GPU),sub-01,802,-1.2970257542023862,,,,,,0.5256998010008829
sub-01__jax_gpu,AMICA-Python (JAX-GPU),sub-01,803,-1.2970252432624514,,,,,,0.5287887000013143
sub-01__jax_gpu,AMICA-Python (JAX-GPU),sub-01,804,-1.2970247516084739,,,,,,0.527570801001275
sub-01__jax_gpu,AMICA-Python (JAX-GPU),sub-01,805,-1.2970242742100175,,,,,,0.5277523000004294
sub-01__jax_gpu,AMICA-Python (JAX-GPU),sub-01,806,-1.2970238143609518,,,,,,0.5274645009994856
sub-01__jax_gpu,AMICA-Python (JAX-GPU),sub-01,807,-1.2970233856638385,,,,,,0.5259673000000475
sub-01__jax_gpu,AMICA-Python (JAX-GPU),sub-01,808,-1.2970229877319168,,,,,,0.5258184009981051
sub-01__jax_gpu,AMICA-Python (JAX-GPU),sub-01,809,-1.297022618086312,,,,,,0.526714700001321
sub-01__jax_gpu,AMICA-Python (JAX-GPU),sub-01,810,-1.2970223314905542,,,,,,0.5273693010021816
sub-01__jax_gpu,AMICA-Python (JAX-GPU),sub-01,811,-1.2970221252162746,,,,,,0.5269231999991462
sub-01__jax_gpu,AMICA-Python (JAX-GPU),sub-01,812,-1.297022034327728,,,,,,0.5250004010013072
sub-01__jax_gpu,AMICA-Python (JAX-GPU),sub-01,813,-1.2970220433729511,,,,,,0.5269769000005908
sub-01__jax_gpu,AMICA-Python (JAX-GPU),sub-01,814,-1.297022334493052,,,,,,0.5249999009974999
sub-01__jax_gpu,AMICA-Python (JAX-GPU),sub-01,815,-1.2970198887045064,,,,,,0.5252500000024156
sub-01__jax_gpu,AMICA-Python (JAX-GPU),sub-01,816,-1.2970187880716497,,,,,,0.5263222989997303
sub-01__jax_gpu,AMICA-Python (JAX-GPU),sub-01,817,-1.2970182957133298,,,,,,0.5258136999982526
sub-01__jax_gpu,AMICA-Python (JAX-GPU),sub-01,818,-1.2970178151065093,,,,,,0.5256678000005195
sub-01__jax_gpu,AMICA-Python (JAX-GPU),sub-01,819,-1.297017330398998,,,,,,0.5270992000005208
sub-01__jax_gpu,AMICA-Python (JAX-GPU),sub-01,820,-1.297016847428601,,,,,,0.5299368999985745
sub-01__jax_gpu,AMICA-Python (JAX-GPU),sub-01,821,-1.2970163706972928,,,,,,0.5269761999988987
sub-01__jax_gpu,AMICA-Python (JAX-GPU),sub-01,822,-1.2970159145767008,,,,,,0.5275752999987162
sub-01__jax_gpu,AMICA-Python (JAX-GPU),sub-01,823,-1.29701546243307,,,,,,0.5253590989996155
sub-01__jax_gpu,AMICA-Python (JAX-GPU),sub-01,824,-1.297015035268211,,,,,,0.5269549999975425
sub-01__jax_gpu,AMICA-Python (JAX-GPU),sub-01,825,-1.297014631175128,,,,,,0.526643500001228
sub-01__jax_gpu,AMICA-Python (JAX-GPU),sub-01,826,-1.2970142688036814,,,,,,0.5278728000012052
sub-01__jax_gpu,AMICA-Python (JAX-GPU),sub-01,827,-1.297013950828275,,,,,,0.528090700001485
sub-01__jax_gpu,AMICA-Python (JAX-GPU),sub-01,828,-1.2970136941440822,,,,,,0.5263732000021264
sub-01__jax_gpu,AMICA-Python (JAX-GPU),sub-01,829,-1.2970135092128505,,,,,,0.5273874980011897
sub-01__jax_gpu,AMICA-Python (JAX-GPU),sub-01,830,-1.2970134671445195,,,,,,0.5259363969998958
sub-01__jax_gpu,AMICA-Python (JAX-GPU),sub-01,831,-1.297013519602992,,,,,,0.5277864960007719
sub-01__jax_gpu,AMICA-Python (JAX-GPU),sub-01,832,-1.2970138557780049,,,,,,0.5280380959993636
sub-01__jax_gpu,AMICA-Python (JAX-GPU),sub-01,833,-1.2970113507267875,,,,,,0.5288962960003118
sub-01__jax_gpu,AMICA-Python (JAX-GPU),sub-01,834,-1.2970102543594346,,,,,,0.5260592970007565
sub-01__jax_gpu,AMICA-Python (JAX-GPU),sub-01,835,-1.2970097933026679,,,,,,0.5263029960005952
sub-01__jax_gpu,AMICA-Python (JAX-GPU),sub-01,836,-1.297009355439634,,,,,,0.5267748959995515
sub-01__jax_gpu,AMICA-Python (JAX-GPU),sub-01,837,-1.2970089052564293,,,,,,0.5271556959996815
sub-01__jax_gpu,AMICA-Python (JAX-GPU),sub-01,838,-1.2970084773905934,,,,,,0.5256227969985048
sub-01__jax_gpu,AMICA-Python (JAX-GPU),sub-01,839,-1.297008042341925,,,,,,0.5271561959998508
sub-01__jax_gpu,AMICA-Python (JAX-GPU),sub-01,840,-1.2970076179580012,,,,,,0.5287567960003798
sub-01__jax_gpu,AMICA-Python (JAX-GPU),sub-01,841,-1.2970072176447058,,,,,,0.5242889959990862
sub-01__jax_gpu,AMICA-Python (JAX-GPU),sub-01,842,-1.2970068496230303,,,,,,0.524600097000075
sub-01__jax_gpu,AMICA-Python (JAX-GPU),sub-01,843,-1.2970064922629976,,,,,,0.5265449959988473
sub-01__jax_gpu,AMICA-Python (JAX-GPU),sub-01,844,-1.2970061573089842,,,,,,0.5260597950000374
sub-01__jax_gpu,AMICA-Python (JAX-GPU),sub-01,845,-1.2970058664164157,,,,,,0.5280978890004917
sub-01__jax_gpu,AMICA-Python (JAX-GPU),sub-01,846,-1.2970056519968867,,,,,,0.5269125890008581
sub-01__jax_gpu,AMICA-Python (JAX-GPU),sub-01,847,-1.2970055074871583,,,,,,0.5259762889982085
sub-01__jax_gpu,AMICA-Python (JAX-GPU),sub-01,848,-1.2970055153850741,,,,,,0.5268751900002826
sub-01__jax_gpu,AMICA-Python (JAX-GPU),sub-01,849,-1.297005602269407,,,,,,0.5272605890022533
sub-01__jax_gpu,AMICA-Python (JAX-GPU),sub-01,850,-1.2970037693119583,,,,,,0.5262169890011137
sub-01__jax_gpu,AMICA-Python (JAX-GPU),sub-01,851,-1.29700281205245,,,,,,0.5269902889995137
sub-01__jax_gpu,AMICA-Python (JAX-GPU),sub-01,852,-1.2970023682772,,,,,,0.5264104889974988
sub-01__jax_gpu,AMICA-Python (JAX-GPU),sub-01,853,-1.2970019611168004,,,,,,0.5260676889993192
sub-01__jax_gpu,AMICA-Python (JAX-GPU),sub-01,854,-1.2970015479250114,,,,,,0.5264705890003825
sub-01__jax_gpu,AMICA-Python (JAX-GPU),sub-01,855,-1.2970011287530887,,,,,,0.525707989003422
sub-01__jax_gpu,AMICA-Python (JAX-GPU),sub-01,856,-1.2970007135685007,,,,,,0.5272937890003959
sub-01__jax_gpu,AMICA-Python (JAX-GPU),sub-01,857,-1.2970002984929783,,,,,,0.5272060899987991
sub-01__jax_gpu,AMICA-Python (JAX-GPU),sub-01,858,-1.2969998834412537,,,,,,0.5264604889998736
sub-01__jax_gpu,AMICA-Python (JAX-GPU),sub-01,859,-1.2969994805359348,,,,,,0.5286279890024161
sub-01__jax_gpu,AMICA-Python (JAX-GPU),sub-01,860,-1.296999126283084,,,,,,0.5260242979966279
sub-01__jax_gpu,AMICA-Python (JAX-GPU),sub-01,861,-1.296998796477113,,,,,,0.5261709989972587
sub-01__jax_gpu,AMICA-Python (JAX-GPU),sub-01,862,-1.2969984876783247,,,,,,0.5263289979993715
sub-01__jax_gpu,AMICA-Python (JAX-GPU),sub-01,863,-1.2969982076362745,,,,,,0.5279387990012765
sub-01__jax_gpu,AMICA-Python (JAX-GPU),sub-01,864,-1.2969980615191457,,,,,,0.5251926989985805
sub-01__jax_gpu,AMICA-Python (JAX-GPU),sub-01,865,-1.296997948869909,,,,,,0.5246779990011419
sub-01__jax_gpu,AMICA-Python (JAX-GPU),sub-01,866,-1.2969980382751372,,,,,,0.527050398002757
sub-01__jax_gpu,AMICA-Python (JAX-GPU),sub-01,867,-1.296998196358594,,,,,,0.5279493990019546
sub-01__jax_gpu,AMICA-Python (JAX-GPU),sub-01,868,-1.2969961389348066,,,,,,0.5254772990010679
sub-01__jax_gpu,AMICA-Python (JAX-GPU),sub-01,869,-1.2969951124282861,,,,,,0.5258760990000155
sub-01__jax_gpu,AMICA-Python (JAX-GPU),sub-01,870,-1.296994691587285,,,,,,0.5273129980014346
sub-01__jax_gpu,AMICA-Python (JAX-GPU),sub-01,871,-1.296994302858714,,,,,,0.5264628990007623
sub-01__jax_gpu,AMICA-Python (JAX-GPU),sub-01,872,-1.2969939071239958,,,,,,0.5282543989997066
sub-01__jax_gpu,AMICA-Python (JAX-GPU),sub-01,873,-1.29699347667607,,,,,,0.5264192990034644
sub-01__jax_gpu,AMICA-Python (JAX-GPU),sub-01,874,-1.2969930636219908,,,,,,0.5265440980001586
sub-01__jax_gpu,AMICA-Python (JAX-GPU),sub-01,875,-1.2969926520792363,,,,,,0.5292479889976676
sub-01__jax_gpu,AMICA-Python (JAX-GPU),sub-01,876,-1.2969922522863753,,,,,,0.5271052839998447
sub-01__jax_gpu,AMICA-Python (JAX-GPU),sub-01,877,-1.2969918920645598,,,,,,0.525050985001144
sub-01__jax_gpu,AMICA-Python (JAX-GPU),sub-01,878,-1.2969915344293752,,,,,,0.5288589840019995
sub-01__jax_gpu,AMICA-Python (JAX-GPU),sub-01,879,-1.2969912135205635,,,,,,0.5266670840028382
sub-01__jax_gpu,AMICA-Python (JAX-GPU),sub-01,880,-1.2969909436139495,,,,,,0.5279992850009876
sub-01__jax_gpu,AMICA-Python (JAX-GPU),sub-01,881,-1.296990712531575,,,,,,0.5271336840014555
sub-01__jax_gpu,AMICA-Python (JAX-GPU),sub-01,882,-1.2969905524378913,,,,,,0.5267886839974381
sub-01__jax_gpu,AMICA-Python (JAX-GPU),sub-01,883,-1.2969904590090695,,,,,,0.5276313849972212
sub-01__jax_gpu,AMICA-Python (JAX-GPU),sub-01,884,-1.296990575691625,,,,,,0.5280532840006344
sub-01__jax_gpu,AMICA-Python (JAX-GPU),sub-01,885,-1.2969907731149446,,,,,,0.5283696840015182
sub-01__jax_gpu,AMICA-Python (JAX-GPU),sub-01,886,-1.2969885992336256,,,,,,0.5270311849999416
sub-01__jax_gpu,AMICA-Python (JAX-GPU),sub-01,887,-1.296987463037745,,,,,,0.5276979840018612
sub-01__jax_gpu,AMICA-Python (JAX-GPU),sub-01,888,-1.2969870202891887,,,,,,0.52890648399989
sub-01__jax_gpu,AMICA-Python (JAX-GPU),sub-01,889,-1.2969865697538787,,,,,,0.5262157850011135
sub-01__jax_gpu,AMICA-Python (JAX-GPU),sub-01,890,-1.296986104216508,,,,,,0.5264129869974568
sub-01__jax_gpu,AMICA-Python (JAX-GPU),sub-01,891,-1.2969856499223857,,,,,,0.5267399889999069
sub-01__jax_gpu,AMICA-Python (JAX-GPU),sub-01,892,-1.2969851719991439,,,,,,0.527248189002421
sub-01__jax_gpu,AMICA-Python (JAX-GPU),sub-01,893,-1.2969847831613635,,,,,,0.5267892890005896
sub-01__jax_gpu,AMICA-Python (JAX-GPU),sub-01,894,-1.2969843153366851,,,,,,0.5257692890008911
sub-01__jax_gpu,AMICA-Python (JAX-GPU),sub-01,895,-1.2969838464891263,,,,,,0.5283429900009651
sub-01__jax_gpu,AMICA-Python (JAX-GPU),sub-01,896,-1.296983456600714,,,,,,0.5262074890015356
sub-01__jax_gpu,AMICA-Python (JAX-GPU),sub-01,897,-1.2969830453694748,,,,,,0.5271801889975904
sub-01__jax_gpu,AMICA-Python (JAX-GPU),sub-01,898,-1.2969826302017131,,,,,,0.5284049889996822
sub-01__jax_gpu,AMICA-Python (JAX-GPU),sub-01,899,-1.2969822578482508,,,,,,0.5305867889983347
sub-01__jax_gpu,AMICA-Python (JAX-GPU),sub-01,900,-1.296982034449301,,,,,,0.5270003900004667
sub-01__jax_gpu,AMICA-Python (JAX-GPU),sub-01,901,-1.2969819159139195,,,,,,0.5256445890008763
sub-01__jax_gpu,AMICA-Python (JAX-GPU),sub-01,902,-1.2969819112856926,,,,,,0.5293881889992917
sub-01__jax_gpu,AMICA-Python (JAX-GPU),sub-01,903,-1.2969820556866276,,,,,,0.5286127889994532
sub-01__jax_gpu,AMICA-Python (JAX-GPU),sub-01,904,-1.2969827523956856,,,,,,0.5273148890009907
sub-01__jax_gpu,AMICA-Python (JAX-GPU),sub-01,905,-1.296979466515556,,,,,,0.5278034920011123
sub-01__jax_gpu,AMICA-Python (JAX-GPU),sub-01,906,-1.2969780394382702,,,,,,0.528305896998063
sub-01__jax_gpu,AMICA-Python (JAX-GPU),sub-01,907,-1.2969775100676533,,,,,,0.5272640969997155
sub-01__jax_gpu,AMICA-Python (JAX-GPU),sub-01,908,-1.2969770443842281,,,,,,0.5271694959992601
sub-01__jax_gpu,AMICA-Python (JAX-GPU),sub-01,909,-1.2969765418481247,,,,,,0.5269824969982437
sub-01__jax_gpu,AMICA-Python (JAX-GPU),sub-01,910,-1.2969760300200865,,,,,,0.5255792970019684
sub-01__jax_gpu,AMICA-Python (JAX-GPU),sub-01,911,-1.2969755372083909,,,,,,0.5261163959985424
sub-01__jax_gpu,AMICA-Python (JAX-GPU),sub-01,912,-1.296974989638564,,,,,,0.5285257969990198
sub-01__jax_gpu,AMICA-Python (JAX-GPU),sub-01,913,-1.2969745070681187,,,,,,0.5268631969993294
sub-01__jax_gpu,AMICA-Python (JAX-GPU),sub-01,914,-1.2969740441029831,,,,,,0.5265217970008962
sub-01__jax_gpu,AMICA-Python (JAX-GPU),sub-01,915,-1.2969736037014208,,,,,,0.5275415959986276
sub-01__jax_gpu,AMICA-Python (JAX-GPU),sub-01,916,-1.2969731728118454,,,,,,0.5292681970022386
sub-01__jax_gpu,AMICA-Python (JAX-GPU),sub-01,917,-1.296972819948513,,,,,,0.5261116969995783
sub-01__jax_gpu,AMICA-Python (JAX-GPU),sub-01,918,-1.2969727561311226,,,,,,0.5260960970008455
sub-01__jax_gpu,AMICA-Python (JAX-GPU),sub-01,919,-1.2969725501158667,,,,,,0.524769595998805
sub-01__jax_gpu,AMICA-Python (JAX-GPU),sub-01,920,-1.2969725038025695,,,,,,0.529225492002297
sub-01__jax_gpu,AMICA-Python (JAX-GPU),sub-01,921,-1.2969726153556325,,,,,,0.5264809600012086
sub-01__jax_gpu,AMICA-Python (JAX-GPU),sub-01,922,-1.2969730543685896,,,,,,0.5262851599982241
sub-01__jax_gpu,AMICA-Python (JAX-GPU),sub-01,923,-1.296969994873486,,,,,,0.525393060001079
sub-01__jax_gpu,AMICA-Python (JAX-GPU),sub-01,924,-1.2969684745596903,,,,,,0.5269622599989816
sub-01__jax_gpu,AMICA-Python (JAX-GPU),sub-01,925,-1.2969678678215038,,,,,,0.5285081600013655
sub-01__jax_gpu,AMICA-Python (JAX-GPU),sub-01,926,-1.2969673001202626,,,,,,0.5256728599997587
sub-01__jax_gpu,AMICA-Python (JAX-GPU),sub-01,927,-1.296966698972941,,,,,,0.5256606600014493
sub-01__jax_gpu,AMICA-Python (JAX-GPU),sub-01,928,-1.2969662519021514,,,,,,0.528312359998381
sub-01__jax_gpu,AMICA-Python (JAX-GPU),sub-01,929,-1.2969657453120136,,,,,,0.5275668600006611
sub-01__jax_gpu,AMICA-Python (JAX-GPU),sub-01,930,-1.2969652838370511,,,,,,0.5261557599988009
sub-01__jax_gpu,AMICA-Python (JAX-GPU),sub-01,931,-1.2969647844102734,,,,,,0.5261653599991405
sub-01__jax_gpu,AMICA-Python (JAX-GPU),sub-01,932,-1.2969643910201922,,,,,,0.5258274600018922
sub-01__jax_gpu,AMICA-Python (JAX-GPU),sub-01,933,-1.296964015494672,,,,,,0.5245538599992869
sub-01__jax_gpu,AMICA-Python (JAX-GPU),sub-01,934,-1.2969637240499945,,,,,,0.5258207600018068
sub-01__jax_gpu,AMICA-Python (JAX-GPU),sub-01,935,-1.2969633488482581,,,,,,0.5246531599987065
sub-01__jax_gpu,AMICA-Python (JAX-GPU),sub-01,936,-1.2969632222511958,,,,,,0.5253414580001845
sub-01__jax_gpu,AMICA-Python (JAX-GPU),sub-01,937,-1.2969630805629186,,,,,,0.5262054480008374
sub-01__jax_gpu,AMICA-Python (JAX-GPU),sub-01,938,-1.296963120895139,,,,,,0.5265791470010299
sub-01__jax_gpu,AMICA-Python (JAX-GPU),sub-01,939,-1.2969632545725256,,,,,,0.5300734470001771
sub-01__jax_gpu,AMICA-Python (JAX-GPU),sub-01,940,-1.2969611010321178,,,,,,0.5277651470023557
sub-01__jax_gpu,AMICA-Python (JAX-GPU),sub-01,941,-1.296959996105832,,,,,,0.5281348479984445
sub-01__jax_gpu,AMICA-Python (JAX-GPU),sub-01,942,-1.2969595040765205,,,,,,0.5276737469976069
sub-01__jax_gpu,AMICA-Python (JAX-GPU),sub-01,943,-1.296959047302114,,,,,,0.5258363819993974
sub-01__jax_gpu,AMICA-Python (JAX-GPU),sub-01,944,-1.2969587298762166,,,,,,0.5260530929990637
sub-01__jax_gpu,AMICA-Python (JAX-GPU),sub-01,945,-1.2969583111059302,,,,,,0.5260092940006871
sub-01__jax_gpu,AMICA-Python (JAX-GPU),sub-01,946,-1.2969579845108572,,,,,,0.5276820929975656
sub-01__jax_gpu,AMICA-Python (JAX-GPU),sub-01,947,-1.2969575729253773,,,,,,0.5290558939996117
sub-01__jax_gpu,AMICA-Python (JAX-GPU),sub-01,948,-1.2969571866453198,,,,,,0.5254751930006023
sub-01__jax_gpu,AMICA-Python (JAX-GPU),sub-01,949,-1.2969568296427558,,,,,,0.5265457940004126
sub-01__jax_gpu,AMICA-Python (JAX-GPU),sub-01,950,-1.2969564472691524,,,,,,0.5263816929982568
sub-01__jax_gpu,AMICA-Python (JAX-GPU),sub-01,951,-1.2969561269896406,,,,,,0.5284277069986274
sub-01__jax_gpu,AMICA-Python (JAX-GPU),sub-01,952,-1.296955910313831,,,,,,0.5262912110010802
sub-01__jax_gpu,AMICA-Python (JAX-GPU),sub-01,953,-1.296955746613346,,,,,,0.5279799109994201
sub-01__jax_gpu,AMICA-Python (JAX-GPU),sub-01,954,-1.2969557167112595,,,,,,0.5266802110018034
sub-01__jax_gpu,AMICA-Python (JAX-GPU),sub-01,955,-1.2969558197534325,,,,,,0.5246740109978418
sub-01__jax_gpu,AMICA-Python (JAX-GPU),sub-01,956,-1.2969560426319016,,,,,,0.5280708120008057
sub-01__jax_gpu,AMICA-Python (JAX-GPU),sub-01,957,-1.2969542676668075,,,,,,0.526232111002173
sub-01__jax_gpu,AMICA-Python (JAX-GPU),sub-01,958,-1.2969534996997143,,,,,,0.5265893110008619
sub-01__jax_gpu,AMICA-Python (JAX-GPU),sub-01,959,-1.2969531350230181,,,,,,0.5278360109987261
sub-01__jax_gpu,AMICA-Python (JAX-GPU),sub-01,960,-1.2969528147967078,,,,,,0.525809612001467
sub-01__jax_gpu,AMICA-Python (JAX-GPU),sub-01,961,-1.296952521473808,,,,,,0.5262623109993001
sub-01__jax_gpu,AMICA-Python (JAX-GPU),sub-01,962,-1.2969521909493906,,,,,,0.5254523110015725
sub-01__jax_gpu,AMICA-Python (JAX-GPU),sub-01,963,-1.2969518200965238,,,,,,0.5271531110010983
sub-01__jax_gpu,AMICA-Python (JAX-GPU),sub-01,964,-1.296951501005746,,,,,,0.5260180109980865
sub-01__jax_gpu,AMICA-Python (JAX-GPU),sub-01,965,-1.2969512252070607,,,,,,0.5264214119997632
sub-01__jax_gpu,AMICA-Python (JAX-GPU),sub-01,966,-1.2969509701592612,,,,,,0.5263840209991031
sub-01__jax_gpu,AMICA-Python (JAX-GPU),sub-01,967,-1.2969507214020493,,,,,,0.5255881320008484
sub-01__jax_gpu,AMICA-Python (JAX-GPU),sub-01,968,-1.296950495385353,,,,,,0.5279830319996108
sub-01__jax_gpu,AMICA-Python (JAX-GPU),sub-01,969,-1.2969503383310164,,,,,,0.5288040320010623
sub-01__jax_gpu,AMICA-Python (JAX-GPU),sub-01,970,-1.2969502325424684,,,,,,0.5293669330021658
sub-01__jax_gpu,AMICA-Python (JAX-GPU),sub-01,971,-1.296950143076729,,,,,,0.5257139310015191
sub-01__jax_gpu,AMICA-Python (JAX-GPU),sub-01,972,-1.2969501839671769,,,,,,0.5261306319989671
sub-01__jax_gpu,AMICA-Python (JAX-GPU),sub-01,973,-1.2969503090154113,,,,,,0.5284148330028984
sub-01__jax_gpu,AMICA-Python (JAX-GPU),sub-01,974,-1.296948951972342,,,,,,0.5261844320011733
sub-01__jax_gpu,AMICA-Python (JAX-GPU),sub-01,975,-1.2969482341579095,,,,,,0.5264313320003566
sub-01__jax_gpu,AMICA-Python (JAX-GPU),sub-01,976,-1.296947960604132,,,,,,0.5256855320003524
sub-01__jax_gpu,AMICA-Python (JAX-GPU),sub-01,977,-1.2969477067594735,,,,,,0.5276686319994042
sub-01__jax_gpu,AMICA-Python (JAX-GPU),sub-01,978,-1.2969474339422844,,,,,,0.5247012309991987
sub-01__jax_gpu,AMICA-Python (JAX-GPU),sub-01,979,-1.296947188749454,,,,,,0.527949532999628
sub-01__jax_gpu,AMICA-Python (JAX-GPU),sub-01,980,-1.2969469278327208,,,,,,0.524169530999643
sub-01__jax_gpu,AMICA-Python (JAX-GPU),sub-01,981,-1.2969466750515803,,,,,,0.5255447249983263
sub-01__jax_gpu,AMICA-Python (JAX-GPU),sub-01,982,-1.2969464430980424,,,,,,0.5250206050004635
sub-01__jax_gpu,AMICA-Python (JAX-GPU),sub-01,983,-1.296946209684064,,,,,,0.5254790049984877
sub-01__jax_gpu,AMICA-Python (JAX-GPU),sub-01,984,-1.296946015422231,,,,,,0.5246278060003533
sub-01__jax_gpu,AMICA-Python (JAX-GPU),sub-01,985,-1.2969458369208215,,,,,,0.5278358050018142
sub-01__jax_gpu,AMICA-Python (JAX-GPU),sub-01,986,-1.296945718308633,,,,,,0.5269645049993414
sub-01__jax_gpu,AMICA-Python (JAX-GPU),sub-01,987,-1.2969456342453904,,,,,,0.5257353059969319
sub-01__jax_gpu,AMICA-Python (JAX-GPU),sub-01,988,-1.2969456319804742,,,,,,0.5261519050000061
sub-01__jax_gpu,AMICA-Python (JAX-GPU),sub-01,989,-1.2969456856290027,,,,,,0.5268601049974677
sub-01__jax_gpu,AMICA-Python (JAX-GPU),sub-01,990,-1.2969458757041548,,,,,,0.52562360599768
sub-01__jax_gpu,AMICA-Python (JAX-GPU),sub-01,991,-1.296944611268626,,,,,,0.5252401050020126
sub-01__jax_gpu,AMICA-Python (JAX-GPU),sub-01,992,-1.2969440277926372,,,,,,0.5276442049980687
sub-01__jax_gpu,AMICA-Python (JAX-GPU),sub-01,993,-1.2969437965990738,,,,,,0.5246280059982382
sub-01__jax_gpu,AMICA-Python (JAX-GPU),sub-01,994,-1.2969435802840659,,,,,,0.5262497050025559
sub-01__jax_gpu,AMICA-Python (JAX-GPU),sub-01,995,-1.296943372246349,,,,,,0.5286508049975964
sub-01__jax_gpu,AMICA-Python (JAX-GPU),sub-01,996,-1.2969431680465455,,,,,,0.5272836059994006
sub-01__jax_gpu,AMICA-Python (JAX-GPU),sub-01,997,-1.296942966650789,,,,,,0.5282067119987914
sub-01__jax_gpu,AMICA-Python (JAX-GPU),sub-01,998,-1.2969427725796137,,,,,,0.5271064120024676
sub-01__jax_gpu,AMICA-Python (JAX-GPU),sub-01,999,-1.296942586415865,,,,,,0.5280716109991772
sub-01__jax_gpu,AMICA-Python (JAX-GPU),sub-01,1000,-1.296942424128676,,,,,,0.5251753119991918
