dataset,subject,component,mean_rho,activation,empirical_density,fitted_density
ds004505,sub-01,34,1.0376397047162462,-5.2829848906053236,0.00076868967466168614,0.00048541569925285083
ds004505,sub-01,34,1.0376397047162462,-5.2165322504719231,0.00076868967466168614,0.00051200964209256196
ds004505,sub-01,34,1.0376397047162462,-5.1500796103385227,0.00080712415839478122,0.00054106404418725993
ds004505,sub-01,34,1.0376397047162462,-5.0836269702051231,0.00082634140026131256,0.00057282916181697818
ds004505,sub-01,34,1.0376397047162462,-5.0171743300717226,0.00099929657706019194,0.00060758092518962536
ds004505,sub-01,34,1.0376397047162462,-4.9507216899383222,0.00096086209332710759,0.00064562356403628568
ds004505,sub-01,34,1.0376397047162462,-4.8842690498049217,0.00099929657706019194,0.00068729250024485362
ds004505,sub-01,34,1.0376397047162462,-4.8178164096715212,0.00098007933519364977,0.00073295753449870637
ds004505,sub-01,34,1.0376397047162462,-4.7513637695381217,0.0012106862375921717,0.00078302635658506316
ds004505,sub-01,34,1.0376397047162462,-4.6849111294047212,0.0013644241725244927,0.00083794841200206032
ds004505,sub-01,34,1.0376397047162462,-4.6184584892713207,0.0010569483026598185,0.00089821916075027378
ds004505,sub-01,34,1.0376397047162462,-4.5520058491379203,0.0011722517538590713,0.00096438476777165982
ds004505,sub-01,34,1.0376397047162462,-4.4855532090045198,0.0014028586562575959,0.0010370472684275926
ds004505,sub-01,34,1.0376397047162462,-4.4191005688711202,0.0015181621074568301,0.0011168702567216074
ds004505,sub-01,34,1.0376397047162462,-4.3526479287377198,0.0018256379773215045,0.0012045851487085296
ds004505,sub-01,34,1.0376397047162462,-4.2861952886043193,0.0018256379773215045,0.0013009980787301728
ds004505,sub-01,34,1.0376397047162462,-4.2197426484709188,0.0016719000423891673,0.0014069974918227666
ds004505,sub-01,34,1.0376397047162462,-4.1532900083375184,0.0016142483167895408,0.0015235625019006213
ds004505,sub-01,34,1.0376397047162462,-4.0868373682041179,0.0018064207354549623,0.0016517720921866911
ds004505,sub-01,34,1.0376397047162462,-4.0203847280707183,0.0021138966053196651,0.0017928152418905511
ds004505,sub-01,34,1.0376397047162462,-3.9539320879373179,0.0022868517821185161,0.0019480020713900105
ds004505,sub-01,34,1.0376397047162462,-3.8874794478039174,0.002382937991451227,0.0021187761072215278
ds004505,sub-01,34,1.0376397047162462,-3.8210268076705169,0.0024790242007839379,0.0023067277781002003
ds004505,sub-01,34,1.0376397047162462,-3.7545741675371165,0.0025558931682501235,0.0025136092640520623
ds004505,sub-01,34,1.0376397047162462,-3.6881215274037169,0.0024598069589174118,0.0027413508326357985
ds004505,sub-01,34,1.0376397047162462,-3.6216688872703164,0.0028825862799813228,0.002992078809251798
ds004505,sub-01,34,1.0376397047162462,-3.555216247136916,0.0031900621498459976,0.0032681353427841992
ds004505,sub-01,34,1.0376397047162462,-3.4887636070035155,0.0031900621498459976,0.0035721001434062438
ds004505,sub-01,34,1.0376397047162462,-3.422310966870115,0.0041317070013065903,0.0039068143864177084
ds004505,sub-01,34,1.0376397047162462,-3.355858326736715,0.0041509242431731052,0.0042754069946027047
ds004505,sub-01,34,1.0376397047162462,-3.289405686603315,0.0046697897735697739,0.0046813235319323786
ds004505,sub-01,34,1.0376397047162462,-3.2229530464699145,0.0048235277085020801,0.0051283579636351023
ds004505,sub-01,34,1.0376397047162462,-3.1565004063365141,0.0054384794482314298,0.0056206875618722328
ds004505,sub-01,34,1.0376397047162462,-3.0900477662031136,0.0053039587551656697,0.0061629112626547461
ds004505,sub-01,34,1.0376397047162462,-3.0235951260697136,0.0065722967183574161,0.0067600918083895005
ds004505,sub-01,34,1.0376397047162462,-2.9571424859363136,0.0064185587834251221,0.0074178020417370143
ds004505,sub-01,34,1.0376397047162462,-2.8906898458029131,0.0068221208626224631,0.0081421757504866986
ds004505,sub-01,34,1.0376397047162462,-2.8242372056695126,0.0082057622770134991,0.0089399635001094283
ds004505,sub-01,34,1.0376397047162462,-2.7577845655361122,0.0089744519516752452,0.0098185939307344396
ds004505,sub-01,34,1.0376397047162462,-2.6913319254027122,0.009358796789006028,0.010786241038723323
ds004505,sub-01,34,1.0376397047162462,-2.6248792852693117,0.010108269221801173,0.011851898009983453
ds004505,sub-01,34,1.0376397047162462,-2.5584266451359117,0.011357389943126489,0.013025458222872304
ds004505,sub-01,34,1.0376397047162462,-2.4919740050025112,0.012491207213252399,0.014317804093178539
ds004505,sub-01,34,1.0376397047162462,-2.4255213648691107,0.014163107255641565,0.015740904492382472
ds004505,sub-01,34,1.0376397047162462,-2.3590687247357103,0.015873441781763923,0.017307921533324645
ds004505,sub-01,34,1.0376397047162462,-2.2926160846023103,0.017064910777489433,0.019033327584614731
ds004505,sub-01,34,1.0376397047162462,-2.2261634444689102,0.018544638401213301,0.020933033446590362
ds004505,sub-01,34,1.0376397047162462,-2.1597108043355098,0.017852817694017659,0.023024528697276239
ds004505,sub-01,34,1.0376397047162462,-2.0932581642021093,0.021965307453457681,0.025327035296341213
ds004505,sub-01,34,1.0376397047162462,-2.0268055240687088,0.024079204058777476,0.027861675618049097
ds004505,sub-01,34,1.0376397047162462,-1.9603528839353088,0.026788835161959759,0.030651656169923183
ds004505,sub-01,34,1.0376397047162462,-1.8939002438019086,0.029344728330210065,0.033722468341194904
ds004505,sub-01,34,1.0376397047162462,-1.8274476036685083,0.0342835594899112,0.037102107612492642
ds004505,sub-01,34,1.0376397047162462,-1.7609949635351079,0.036724149206962056,0.040821312743360705
ds004505,sub-01,34,1.0376397047162462,-1.6945423234017076,0.041297852771199364,0.044913826533871909
ds004505,sub-01,34,1.0376397047162462,-1.6280896832683074,0.045794687367969947,0.049416679826303593
ds004505,sub-01,34,1.0376397047162462,-1.5616370431349069,0.051636728895398762,0.054370500466303498
ds004505,sub-01,34,1.0376397047162462,-1.4951844030015067,0.05709442558549712,0.059819848971398484
ds004505,sub-01,34,1.0376397047162462,-1.4287317628681064,0.064396977494782751,0.065813582645790264
ds004505,sub-01,34,1.0376397047162462,-1.362279122734706,0.071295967324871395,0.07240524981678928
ds004505,sub-01,34,1.0376397047162462,-1.2958264826013055,0.079597815811217595,0.079653515725305574
ds004505,sub-01,34,1.0376397047162462,-1.2293738424679055,0.091051291963677936,0.087622621345109952
ds004505,sub-01,34,1.0376397047162462,-1.1629212023345055,0.099775919771086852,0.096382875981541757
ds004505,sub-01,34,1.0376397047162462,-1.096468562201105,0.1133817270125987,0.10601118383374612
ds004505,sub-01,34,1.0376397047162462,-1.0300159220677045,0.12183731343387724,0.11659160368064493
ds004505,sub-01,34,1.0376397047162462,-0.96356328193430407,0.13928656904869752,0.1282159392933449
ds004505,sub-01,34,1.0376397047162462,-0.89711064180090405,0.15072082795929212,0.14098435580790075
ds004505,sub-01,34,1.0376397047162462,-0.83065800166750403,0.16959215947223449,0.15500601366285818
ds004505,sub-01,34,1.0376397047162462,-0.76420536153410357,0.18342857361614484,0.17039970606489566
ds004505,sub-01,34,1.0376397047162462,-0.6977527214007031,0.19891767056057783,0.18729447699193405
ds004505,sub-01,34,1.0376397047162462,-0.63130008126730264,0.22209366425162766,0.20583018212416321
ds004505,sub-01,34,1.0376397047162462,-0.56484744113390262,0.24152229577870499,0.2261579303431778
ds004505,sub-01,34,1.0376397047162462,-0.4983948010005026,0.25749182376979829,0.24844029957322761
ds004505,sub-01,34,1.0376397047162462,-0.43194216086710213,0.28195537266590642,0.27285113860929416
ds004505,sub-01,34,1.0376397047162462,-0.36548952073370167,0.3003847076159204,0.2995685722384599
ds004505,sub-01,34,1.0376397047162462,-0.2990368806003012,0.32554007721922407,0.32878164228749773
ds004505,sub-01,34,1.0376397047162462,-0.23258424046690074,0.35488480554943391,0.3607250238361332
ds004505,sub-01,34,1.0376397047162462,-0.16613160033350072,0.39014844437454399,0.39683504663359581
ds004505,sub-01,34,1.0376397047162462,-0.099678960200100697,0.46959252225082404,0.48244045561677024
ds004505,sub-01,34,1.0376397047162462,-0.033226320066700232,2.5928479243594666,1.9408403642758456
ds004505,sub-01,34,1.0376397047162462,0.033226320066700232,2.630821194287754,1.9679398114084032
ds004505,sub-01,34,1.0376397047162462,0.099678960200100697,0.47431996374999341,0.48013635462651405
ds004505,sub-01,34,1.0376397047162462,0.16613160033350072,0.3832494545444553,0.39368883097111884
ds004505,sub-01,34,1.0376397047162462,0.23258424046690074,0.34077935001939197,0.35778969286760831
ds004505,sub-01,34,1.0376397047162462,0.2990368806003012,0.31283748034543973,0.32607290828747165
ds004505,sub-01,34,1.0376397047162462,0.36548952073370167,0.2908145211663824,0.29707048315210527
ds004505,sub-01,34,1.0376397047162462,0.43194216086710213,0.27301935519796433,0.27055650087483707
ds004505,sub-01,34,1.0376397047162462,0.4983948010005026,0.25136152361437136,0.24633878175285778
ds004505,sub-01,34,1.0376397047162462,0.56484744113390262,0.23214428174783228,0.2242339861124073
ds004505,sub-01,34,1.0376397047162462,0.63130008126730264,0.20929498116851059,0.20406922062708494
ds004505,sub-01,34,1.0376397047162462,0.6977527214007031,0.19951340505844062,0.18568290381127944
ds004505,sub-01,34,1.0376397047162462,0.76420536153410357,0.17873956660070858,0.16892491738525603
ds004505,sub-01,34,1.0376397047162462,0.83065800166750403,0.16572949385705954,0.15365636492051601
ds004505,sub-01,34,1.0376397047162462,0.89711064180090405,0.15095143486169063,0.13974911656842295
ds004505,sub-01,34,1.0376397047162462,0.96356328193430407,0.13646163449431584,0.12708524114935851
ds004505,sub-01,34,1.0376397047162462,1.0300159220677045,0.12437398936026081,0.11555638522964554
ds004505,sub-01,34,1.0376397047162462,1.096468562201105,0.11318955459393328,0.10506313520932985
ds004505,sub-01,34,1.0376397047162462,1.1629212023345055,0.1036770198699949,0.095514384452948839
ds004505,sub-01,34,1.0376397047162462,1.2293738424679055,0.09199293681513851,0.086826718902447267
ds004505,sub-01,34,1.0376397047162462,1.2958264826013055,0.082653357267997801,0.078923829186318628
ds004505,sub-01,34,1.0376397047162462,1.362279122734706,0.075197067423779435,0.071735953743294112
ds004505,sub-01,34,1.0376397047162462,1.4287317628681064,0.068451815528623144,0.065199355195292324
ds004505,sub-01,34,1.0376397047162462,1.4951844030015069,0.061821867084666103,0.059255830702389732
ds004505,sub-01,34,1.0376397047162462,1.5616370431349069,0.05257837374686003,0.053852256045633831
ds004505,sub-01,34,1.0376397047162462,1.6280896832683069,0.05100255991380287,0.04894016254187232
ds004505,sub-01,34,1.0376397047162462,1.6945423234017074,0.043450183860251811,0.0444753454877777
ds004505,sub-01,34,1.0376397047162462,1.7609949635351079,0.040029514808007302,0.040417502584280868
ds004505,sub-01,34,1.0376397047162462,1.8274476036685083,0.035225204341371767,0.036729900657805167
ds004505,sub-01,34,1.0376397047162462,1.8939002438019088,0.032726962898721283,0.033379068936706779
ds004505,sub-01,34,1.0376397047162462,1.9603528839353088,0.029210207637144461,0.030334517136262874
ds004505,sub-01,34,1.0376397047162462,2.0268055240687088,0.02588562479423228,0.027568476636579686
ds004505,sub-01,34,1.0376397047162462,2.0932581642021093,0.024309810961175821,0.025055663092966831
ds004505,sub-01,34,1.0376397047162462,2.1597108043355098,0.021388790197461417,0.022773058889116942
ds004505,sub-01,34,1.0376397047162462,2.2261634444689102,0.019447848768940658,0.020699713923733293
ds004505,sub-01,34,1.0376397047162462,2.2926160846023103,0.016353872828427592,0.018816563306691535
ds004505,sub-01,34,1.0376397047162462,2.3590687247357103,0.014970231414036337,0.017106260628281262
ds004505,sub-01,34,1.0376397047162462,2.4255213648691107,0.015335359009500638,0.015553025552339384
ds004505,sub-01,34,1.0376397047162462,2.4919740050025112,0.011972341682855761,0.014142504569610352
ds004505,sub-01,34,1.0376397047162462,2.5584266451359117,0.011491910636192208,0.01286164383039195
ds004505,sub-01,34,1.0376397047162462,2.6248792852693121,0.010377310607932762,0.01169857305474767
ds004505,sub-01,34,1.0376397047162462,2.6913319254027126,0.0098776623194026664,0.010642499593853424
ds004505,sub-01,34,1.0376397047162462,2.7577845655361131,0.0084555864212785478,0.0096836117871552368
ds004505,sub-01,34,1.0376397047162462,2.8242372056695126,0.008090458825814462,0.008812990826845387
ds004505,sub-01,34,1.0376397047162462,2.8906898458029122,0.007360203634885645,0.0080225304037206888
ds004505,sub-01,34,1.0376397047162462,2.9571424859363127,0.0063801242996919952,0.0073048634668440122
ds004505,sub-01,34,1.0376397047162462,3.0235951260697131,0.0058036070436957299,0.0066532954837159545
ds004505,sub-01,34,1.0376397047162462,3.0900477662031136,0.0054192622063648872,0.0060617436380406104
ds004505,sub-01,34,1.0376397047162462,3.1565004063365141,0.0047466587410359123,0.0055246814488231861
ds004505,sub-01,34,1.0376397047162462,3.2229530464699145,0.0050157001271675019,0.0050370883376646318
ds004505,sub-01,34,1.0376397047162462,3.289405686603315,0.0040932725175734782,0.0045944037109252982
ds004505,sub-01,34,1.0376397047162462,3.3558583267367155,0.0036320587127764668,0.004192485160120895
ds004505,sub-01,34,1.0376397047162462,3.4223109668701159,0.003651275954643009,0.0038275704176931455
ds004505,sub-01,34,1.0376397047162462,3.4887636070035164,0.0031708449079794554,0.003496242736362475
ds004505,sub-01,34,1.0376397047162462,3.555216247136916,0.00317084490797954,0.0031953993888116966
ds004505,sub-01,34,1.0376397047162462,3.6216688872703156,0.0029018035218478649,0.0029222230106505371
ds004505,sub-01,34,1.0376397047162462,3.688121527403716,0.0022292000565188896,0.0026741555336446498
ds004505,sub-01,34,1.0376397047162462,3.7545741675371165,0.0021907655727858052,0.0024488744782231444
ds004505,sub-01,34,1.0376397047162462,3.8210268076705169,0.0021331138471861791,0.002244271394459969
ds004505,sub-01,34,1.0376397047162462,3.8874794478039174,0.0025751104101166484,0.0020584322592015329
ds004505,sub-01,34,1.0376397047162462,3.9539320879373179,0.0020370276378534682,0.0018896196539201844
ds004505,sub-01,34,1.0376397047162462,4.0203847280707183,0.0016334655586560829,0.0017362565633370561
ds004505,sub-01,34,1.0376397047162462,4.0868373682041188,0.0014220758981241192,0.0015969116489948033
ds004505,sub-01,34,1.0376397047162462,4.1532900083375193,0.0015950310749229988,0.0014702858648797292
ds004505,sub-01,34,1.0376397047162462,4.2197426484709188,0.0010953827863929321,0.0013552002939939602
ds004505,sub-01,34,1.0376397047162462,4.2861952886043184,0.0012299034794586979,0.0012505850955546603
ds004505,sub-01,34,1.0376397047162462,4.3526479287377189,0.0012875552050583242,0.001155469462334588
ds004505,sub-01,34,1.0376397047162462,4.4191005688711193,0.0011146000282594448,0.0010689724966354737
ds004505,sub-01,34,1.0376397047162462,4.4855532090045198,0.0014220758981241192,0.00099029492157573246
ds004505,sub-01,34,1.0376397047162462,4.5520058491379203,0.00099929657706019194,0.00091871155184387703
ds004505,sub-01,34,1.0376397047162462,4.6184584892713207,0.001133817270125987,0.00085356445488019353
ds004505,sub-01,34,1.0376397047162462,4.6849111294047212,0.00094164485146056541,0.00079425673965844833
ds004505,sub-01,34,1.0376397047162462,4.7513637695381217,0.00098007933519364977,0.00074024691589851324
ds004505,sub-01,34,1.0376397047162462,4.8178164096715221,0.000634168981595891,0.0006910437716974231
ds004505,sub-01,34,1.0376397047162462,4.8842690498049226,0.00069182070719551742,0.0006462017222642534
ds004505,sub-01,34,1.0376397047162462,4.9507216899383222,0.00069182070719553607,0.00060531658672322204
ds004505,sub-01,34,1.0376397047162462,5.0171743300717218,0.00059573449786280675,0.00056802175384632763
ds004505,sub-01,34,1.0376397047162462,5.0836269702051222,0.0007110379490620596,0.00053398470112500554
ds004505,sub-01,34,1.0376397047162462,5.1500796103385227,0.00053808277226318022,0.00050290383482053721
ds004505,sub-01,34,1.0376397047162462,5.2165322504719231,0.0005573000141297224,0.00047450562157317017
ds004505,sub-01,34,1.0376397047162462,5.2829848906053236,0.00074947243279514385,0.00044854198482583991
ds004505,sub-01,7,1.4205420042984873,-4.9807525964323816,0.00083430756539360775,0.00079545424089133598
ds004505,sub-01,7,1.4205420042984873,-4.9181016203766283,0.00065116688030720593,0.0008441020711625676
ds004505,sub-01,7,1.4205420042984873,-4.8554506443208751,0.00075291170535520685,0.00089588345087955232
ds004505,sub-01,7,1.4205420042984873,-4.7927996682651219,0.00087500549541280799,0.00095103396801646646
ds004505,sub-01,7,1.4205420042984873,-4.7301486922093687,0.00099709928547040924,0.0010098134927201119
ds004505,sub-01,7,1.4205420042984873,-4.6674977161536155,0.00081395860038400753,0.0010725096869185274
ds004505,sub-01,7,1.4205420042984873,-4.6048467400978623,0.00091570342543200844,0.001139442108746601
ds004505,sub-01,7,1.4205420042984873,-4.5421957640421091,0.0011191930755280104,0.0012109670115012232
ds004505,sub-01,7,1.4205420042984873,-4.4795447879863559,0.0010581461804992096,0.001287482951598327
ds004505,sub-01,7,1.4205420042984873,-4.4168938119306027,0.0012819847956048118,0.0013694373364103837
ds004505,sub-01,7,1.4205420042984873,-4.3542428358748495,0.0011598910055472106,0.0014573340609699951
ds004505,sub-01,7,1.4205420042984873,-4.2915918598190963,0.0016279172007680151,0.0015517424023533627
ds004505,sub-01,7,1.4205420042984873,-4.2289408837633431,0.0013023337606144119,0.0016533073620815758
ds004505,sub-01,7,1.4205420042984873,-4.1662899077075899,0.001750010990825616,0.0017627616700145057
ds004505,sub-01,7,1.4205420042984873,-4.1036389316518367,0.0017296620258160159,0.0018809396878045974
ds004505,sub-01,7,1.4205420042984873,-4.0409879555960835,0.001851755815873617,0.002008793475778519
ds004505,sub-01,7,1.4205420042984873,-3.9783369795403303,0.0021976882210368045,0.0021474113137660402
ds004505,sub-01,7,1.4205420042984873,-3.9156860034845766,0.0022587351160656207,0.002298038993409269
ds004505,sub-01,7,1.4205420042984873,-3.8530350274288234,0.0025232716611904233,0.0024621042262192709
ds004505,sub-01,7,1.4205420042984873,-3.7903840513730702,0.002279084081075221,0.0026412445372807781
ds004505,sub-01,7,1.4205420042984873,-3.7277330753173166,0.0027064123462768059,0.0028373390380155902
ds004505,sub-01,7,1.4205420042984873,-3.6650820992615634,0.0030523447514400276,0.0030525444915492114
ds004505,sub-01,7,1.4205420042984873,-3.6024311232058102,0.0037849074917856349,0.0032893360994781127
ds004505,sub-01,7,1.4205420042984873,-3.539780147150057,0.0029912978564112275,0.0035505534474255702
ds004505,sub-01,7,1.4205420042984873,-3.4771291710943038,0.0044157254070832401,0.0038394520466264051
ds004505,sub-01,7,1.4205420042984873,-3.4144781950385505,0.0040901419669296373,0.0041597608975097559
ds004505,sub-01,7,1.4205420042984873,-3.3518272189827973,0.0044971212671216414,0.0045157464761526453
ds004505,sub-01,7,1.4205420042984873,-3.2891762429270441,0.0050058453923616459,0.0049122835025402342
ds004505,sub-01,7,1.4205420042984873,-3.2265252668712909,0.0060436426078512556,0.0053549327874764319
ds004505,sub-01,7,1.4205420042984873,-3.1638742908155377,0.0068372522432256621,0.0058500263691567966
ds004505,sub-01,7,1.4205420042984873,-3.1012233147597845,0.0066337625931296605,0.006404760037037824
ds004505,sub-01,7,1.4205420042984873,-3.0385723387040313,0.0074477211935136678,0.0070272931957538181
ds004505,sub-01,7,1.4205420042984873,-2.9759213626482781,0.0087093570241088807,0.0077268558414261028
ds004505,sub-01,7,1.4205420042984873,-2.9132703865925249,0.0087500549541280805,0.0085138622028231737
ds004505,sub-01,7,1.4205420042984873,-2.8506194105367717,0.009950643889694492,0.0094000303367229848
ds004505,sub-01,7,1.4205420042984873,-2.7879684344810185,0.011151232825260904,0.010398506657156617
ds004505,sub-01,7,1.4205420042984873,-2.7253174584252653,0.012799498991038518,0.011523994019252227
ds004505,sub-01,7,1.4205420042984873,-2.6626664823695121,0.013593108626412925,0.012792881568296255
ds004505,sub-01,7,1.4205420042984873,-2.6000155063137589,0.014284973436739332,0.014223374102692832
ds004505,sub-01,7,1.4205420042984873,-2.5373645302580057,0.017154177503092956,0.015835618186516839
ds004505,sub-01,7,1.4205420042984873,-2.4747135542022525,0.018558256088755241,0.017651821685927552
ds004505,sub-01,7,1.4205420042984873,-2.4120625781464988,0.0217123456652434,0.019696362798628839
ds004505,sub-01,7,1.4205420042984873,-2.3494116020907456,0.021773392560272203,0.021995884004170074
ds004505,sub-01,7,1.4205420042984873,-2.2867606260349924,0.02537515936697143,0.02457936569543822
ds004505,sub-01,7,1.4205420042984873,-2.2241096499792392,0.028753087558565062,0.027478173571700744
ds004505,sub-01,7,1.4205420042984873,-2.161458673923486,0.03015716614422748,0.030726073198071427
ds004505,sub-01,7,1.4205420042984873,-2.0988076978677328,0.035061266711541125,0.034359204486084857
ds004505,sub-01,7,1.4205420042984873,-2.0361567218119796,0.039538039013653159,0.038416008249841489
ds004505,sub-01,7,1.4205420042984873,-1.9735057457562264,0.041979914814805189,0.042937096470409858
ds004505,sub-01,7,1.4205420042984873,-1.9108547697004732,0.048023557422656439,0.047965057489931601
ds004505,sub-01,7,1.4205420042984873,-1.84820379364472,0.054148595890546103,0.053544187091406112
ds004505,sub-01,7,1.4205420042984873,-1.7855528175889668,0.059480024723061346,0.059720136338069447
ds004505,sub-01,7,1.4205420042984873,-1.7229018415332136,0.065523667330912597,0.066539467186579174
ds004505,sub-01,7,1.4205420042984873,-1.6602508654774604,0.074049883669935077,0.074049107289606453
ds004505,sub-01,7,1.4205420042984873,-1.5975998894217072,0.079381312502450327,0.082295696102417007
ds004505,sub-01,7,1.4205420042984873,-1.5349489133659537,0.087866830911452989,0.091324815436184897
ds004505,sub-01,7,1.4205420042984873,-1.4722979373102003,0.098570386506503307,0.10118009898136414
ds004505,sub-01,7,1.4205420042984873,-1.4096469612544471,0.11267221925815622,0.1119022170678783
ds004505,sub-01,7,1.4205420042984873,-1.3469959851986939,0.12298914451802352,0.12352773502697874
ds004505,sub-01,7,1.4205420042984873,-1.2843450091429407,0.13137291810197879,0.13608784593782297
ds004505,sub-01,7,1.4205420042984873,-1.2216940330871875,0.14846604871004296,0.14960698120867993
ds004505,sub-01,7,1.4205420042984873,-1.1590430570314343,0.16212020423148468,0.16410130523484853
ds004505,sub-01,7,1.4205420042984873,-1.0963920809756811,0.17931507966459684,0.17957710309559738
ds004505,sub-01,7,1.4205420042984873,-1.0337411049199279,0.19469889721185457,0.19602907259524394
ds004505,sub-01,7,1.4205420042984873,-0.97109012886417467,0.21386762225089798,0.2134385334500094
ds004505,sub-01,7,1.4205420042984873,-0.90843915280842147,0.22980086185341492,0.23177156634644003
ds004505,sub-01,7,1.4205420042984873,-0.84578817675266826,0.25112657718347592,0.25097709180002503
ds004505,sub-01,7,1.4205420042984873,-0.78313720069691506,0.27485347038466973,0.27098489134578618
ds004505,sub-01,7,1.4205420042984873,-0.72048622464116185,0.30085944766693878,0.2917035583950619
ds004505,sub-01,7,1.4205420042984873,-0.65783524858540865,0.32306016849241259,0.31301833736432555
ds004505,sub-01,7,1.4205420042984873,-0.59518427252965544,0.34119109631596628,0.33478875656825824
ds004505,sub-01,7,1.4205420042984873,-0.53253329647390224,0.36080749858522088,0.35684586093433918
ds004505,sub-01,7,1.4205420042984873,-0.46988232041814904,0.38787162204798914,0.37898865703818302
ds004505,sub-01,7,1.4205420042984873,-0.40723134436239583,0.39920599555833647,0.40097898123626557
ds004505,sub-01,7,1.4205420042984873,-0.34458036830664263,0.42244451359929991,0.42253308698364878
ds004505,sub-01,7,1.4205420042984873,-0.28192939225088942,0.43180503750371602,0.44330587277520178
ds004505,sub-01,7,1.4205420042984873,-0.21927841619513622,0.45502320657966977,0.46285618685353835
ds004505,sub-01,7,1.4205420042984873,-0.15662744013938301,0.46300000086343307,0.47518792874043081
ds004505,sub-01,7,1.4205420042984873,-0.093976464083629807,0.47752916188028754,0.48184278304945022
ds004505,sub-01,7,1.4205420042984873,-0.031325488027876602,0.48367454931318687,0.48100894112791914
ds004505,sub-01,7,1.4205420042984873,0.031325488027877046,0.48084604317684559,0.4769509381768075
ds004505,sub-01,7,1.4205420042984873,0.093976464083630695,0.47319483233324278,0.47105160868270501
ds004505,sub-01,7,1.4205420042984873,0.1566274401393839,0.46629653319498832,0.46394931453649957
ds004505,sub-01,7,1.4205420042984873,0.2192784161951371,0.46845352348600594,0.45606668928186778
ds004505,sub-01,7,1.4205420042984873,0.28192939225089031,0.45176737217813373,0.4476893576700699
ds004505,sub-01,7,1.4205420042984873,0.34458036830664351,0.43715681530124079,0.4389643892326015
ds004505,sub-01,7,1.4205420042984873,0.40723134436239672,0.43038060995304395,0.42981543162137381
ds004505,sub-01,7,1.4205420042984873,0.46988232041814992,0.40301125201513172,0.41907212303682262
ds004505,sub-01,7,1.4205420042984873,0.53253329647390313,0.38532800142178913,0.39312232915633794
ds004505,sub-01,7,1.4205420042984873,0.59518427252965633,0.36109238409535527,0.366194386759776
ds004505,sub-01,7,1.4205420042984873,0.65783524858540954,0.34269691972667676,0.33958287610278692
ds004505,sub-01,7,1.4205420042984873,0.72048622464116274,0.31776943758991655,0.31373409146293318
ds004505,sub-01,7,1.4205420042984873,0.78313720069691595,0.29190590306271469,0.28889969569364643
ds004505,sub-01,7,1.4205420042984873,0.84578817675266915,0.27542324140493851,0.26523494804406056
ds004505,sub-01,7,1.4205420042984873,0.90843915280842236,0.24695503935650787,0.24283493467369294
ds004505,sub-01,7,1.4205420042984873,0.97109012886417556,0.22501885507615887,0.22175275578965614
ds004505,sub-01,7,1.4205420042984873,1.0337411049199288,0.20648094795241312,0.20201046206312967
ds004505,sub-01,7,1.4205420042984873,1.096392080975682,0.18820757737379215,0.18360645308896539
ds004505,sub-01,7,1.4205420042984873,1.1590430570314352,0.17274236396649598,0.16652089429305747
ds004505,sub-01,7,1.4205420042984873,1.2216940330871884,0.1522102582718094,0.1507198987760309
ds004505,sub-01,7,1.4205420042984873,1.2843450091429416,0.13656190417942685,0.13615886994444346
ds004505,sub-01,7,1.4205420042984873,1.3469959851986948,0.12311123830808113,0.12278523251118247
ds004505,sub-01,7,1.4205420042984873,1.409646961254448,0.11141058342756102,0.11054069217551557
ds004505,sub-01,7,1.4205420042984873,1.4722979373102012,0.096230255530399295,0.099363116218746134
ds004505,sub-01,7,1.4205420042984873,1.5349489133659544,0.088294159176655215,0.089188099454285213
ds004505,sub-01,7,1.4205420042984873,1.5975998894217076,0.079686546977594322,0.079950263223192292
ds004505,sub-01,7,1.4205420042984873,1.6602508654774608,0.068494616222314231,0.071584324644005937
ds004505,sub-01,7,1.4205420042984873,1.722901841533214,0.062267832929376571,0.064025966502878118
ds004505,sub-01,7,1.4205420042984873,1.7855528175889672,0.053660220730315691,0.05721253352941371
ds004505,sub-01,7,1.4205420042984873,1.8482037936447204,0.049041005673136448,0.051083577481978247
ds004505,sub-01,7,1.4205420042984873,1.9108547697004736,0.04326189961041,0.045581270948255162
ds004505,sub-01,7,1.4205420042984873,1.9735057457562273,0.038581637658201405,0.040650707741177711
ds004505,sub-01,7,1.4205420042984873,2.0361567218119809,0.034918823956473923,0.036240106048624765
ds004505,sub-01,7,1.4205420042984873,2.0988076978677341,0.031032171639640282,0.032300928964629244
ds004505,sub-01,7,1.4205420042984873,2.1614586739234873,0.026942029672710647,0.028787935624523711
ds004505,sub-01,7,1.4205420042984873,2.2241096499792405,0.025476904192019433,0.025659174850006787
ds004505,sub-01,7,1.4205420042984873,2.2867606260349937,0.023035028390867414,0.022875931964280206
ds004505,sub-01,7,1.4205420042984873,2.349411602090747,0.019066980213995374,0.020402638254828027
ds004505,sub-01,7,1.4205420042984873,2.4120625781465002,0.018598954018774573,0.01820675144098868
ds004505,sub-01,7,1.4205420042984873,2.4747135542022534,0.015566958232344143,0.016258614447302495
ds004505,sub-01,7,1.4205420042984873,2.5373645302580066,0.015302421687219339,0.01453129879504649
ds004505,sub-01,7,1.4205420042984873,2.6000155063137598,0.013409967941326522,0.013000438006752848
ds004505,sub-01,7,1.4205420042984873,2.662666482369513,0.011578561090462505,0.011644055574507043
ds004505,sub-01,7,1.4205420042984873,2.7253174584252662,0.010418670084915295,0.010442391274003497
ds004505,sub-01,7,1.4205420042984873,2.7879684344810194,0.0093198259743968864,0.0093777289130287135
ds004505,sub-01,7,1.4205420042984873,2.8506194105367726,0.009258779079368085,0.0084342279843304165
ds004505,sub-01,7,1.4205420042984873,2.9132703865925258,0.0083634246189456772,0.0075977611466561974
ds004505,sub-01,7,1.4205420042984873,2.975921362648279,0.0075698149835712698,0.0068557589810581635
ds004505,sub-01,7,1.4205420042984873,3.0385723387040322,0.0064709708730528587,0.0061970630585046239
ds004505,sub-01,7,1.4205420042984873,3.1012233147597854,0.0053721267625344493,0.0056117880049482739
ds004505,sub-01,7,1.4205420042984873,3.1638742908155386,0.0059011998527840536,0.0050911929563795932
ds004505,sub-01,7,1.4205420042984873,3.2265252668712918,0.005127939182419247,0.0046275625539029981
ds004505,sub-01,7,1.4205420042984873,3.289176242927045,0.0044360743720928408,0.0042140974322763692
ds004505,sub-01,7,1.4205420042984873,3.3518272189827982,0.0038256054218048347,0.0038448139994561748
ds004505,sub-01,7,1.4205420042984873,3.4144781950385514,0.0040087461068912368,0.0035144531844442015
ds004505,sub-01,7,1.4205420042984873,3.4771291710943046,0.0036831626667376337,0.0032183977413267981
ds004505,sub-01,7,1.4205420042984873,3.5397801471500578,0.003418626121612831,0.0029525976343236109
ds004505,sub-01,7,1.4205420042984873,3.602431123205811,0.0028488551013440265,0.0027135029877547187
ds004505,sub-01,7,1.4205420042984873,3.6650820992615643,0.0029709488914016276,0.0024980040623013783
ds004505,sub-01,7,1.4205420042984873,3.7277330753173175,0.0025436206262000232,0.0023033777113701344
ds004505,sub-01,7,1.4205420042984873,3.7903840513730707,0.0024418758011520224,0.0021272397757529909
ds004505,sub-01,7,1.4205420042984873,3.8530350274288239,0.0023604799411136215,0.0019675028884646915
ds004505,sub-01,7,1.4205420042984873,3.9156860034845771,0.0016279172007680151,0.0018223391823483925
ds004505,sub-01,7,1.4205420042984873,3.9783369795403303,0.0015058234107104137,0.0016901474188267601
ds004505,sub-01,7,1.4205420042984873,4.0409879555960835,0.0016686151307872155,0.0015695240854009314
ds004505,sub-01,7,1.4205420042984873,4.1036389316518367,0.0013837296206528128,0.0014592380408109745
ds004505,sub-01,7,1.4205420042984873,4.1662899077075899,0.0013837296206528128,0.0013582083190668501
ds004505,sub-01,7,1.4205420042984873,4.2289408837633431,0.0014040785856624129,0.0012654847359597854
ds004505,sub-01,7,1.4205420042984873,4.2915918598190963,0.001322682725624012,0.0011802309734854459
ds004505,sub-01,7,1.4205420042984873,4.3542428358748495,0.0011191930755280104,0.0011017098483346738
ds004505,sub-01,7,1.4205420042984873,4.4168938119306027,0.0009767503204608089,0.0010292704998581723
ds004505,sub-01,7,1.4205420042984873,4.4795447879863559,0.0010174482504800094,0.00096233726043021847
ds004505,sub-01,7,1.4205420042984873,4.5421957640421091,0.00083430756539360775,0.00090039999676216995
ds004505,sub-01,7,1.4205420042984873,4.6048467400978623,0.0010174482504800094,0.00084300573436698549
ds004505,sub-01,7,1.4205420042984873,4.6674977161536155,0.00081395860038400753,0.00078975139903115252
ds004505,sub-01,7,1.4205420042984873,4.7301486922093687,0.00069186481032640639,0.00074027752883877075
ds004505,sub-01,7,1.4205420042984873,4.7927996682651219,0.00067151584531680616,0.00069426282807868902
ds004505,sub-01,7,1.4205420042984873,4.8554506443208751,0.00050872412524000468,0.00065141945034044981
ds004505,sub-01,7,1.4205420042984873,4.9181016203766283,0.00054942205525920502,0.00061148891237709909
ds004505,sub-01,7,1.4205420042984873,4.9807525964323816,0.00054942205525920502,0.00057423855300246047
ds004505,sub-01,60,1.7660032018430276,-4.9773431180724508,0.00018320050628044669,0.00026788878077194095
ds004505,sub-01,60,1.7660032018430276,-4.9147350285369473,0.00014248928266256966,0.00027698413779836682
ds004505,sub-01,60,1.7660032018430276,-4.8521269390014456,0.00026462295351620079,0.00028657906063629321
ds004505,sub-01,60,1.7660032018430276,-4.7895188494659422,0.00020355611808938522,0.00029675030045356879
ds004505,sub-01,60,1.7660032018430276,-4.7269107599304405,0.00036640101256089338,0.00030759324963621615
ds004505,sub-01,60,1.7660032018430276,-4.6643026703949371,0.00028497856532513932,0.00031922649800334319
ds004505,sub-01,60,1.7660032018430276,-4.6016945808594354,0.00048853468341452451,0.00033179740569513661
ds004505,sub-01,60,1.7660032018430276,-4.5390864913239319,0.00034604540075195485,0.00034548889027134901
ds004505,sub-01,60,1.7660032018430276,-4.4764784017884303,0.00042746784798770897,0.00036052765625428353
ds004505,sub-01,60,1.7660032018430276,-4.4138703122529268,0.00034604540075195485,0.00037719412887603638
ds004505,sub-01,60,1.7660032018430276,-4.3512622227174251,0.00036640101256089859,0.00039583438989023877
ds004505,sub-01,60,1.7660032018430276,-4.2886541331819226,0.00046817907160557937,0.00041687445154727789
ds004505,sub-01,60,1.7660032018430276,-4.22604604364642,0.00071244641331285837,0.00044083724454968651
ds004505,sub-01,60,1.7660032018430276,-4.1634379541109183,0.0005088902952234631,0.00046836273607573812
ds004505,sub-01,60,1.7660032018430276,-4.1008298645754149,0.00056995713065027863,0.00050023163354745155
ds004505,sub-01,60,1.7660032018430276,-4.0382217750399132,0.00081422447235754089,0.00053739316713094607
ds004505,sub-01,60,1.7660032018430276,-3.9756136855044102,0.00079386886054860241,0.00058099747699978026
ds004505,sub-01,60,1.7660032018430276,-3.9130055959689076,0.00089564691959329501,0.00063243315773569241
ds004505,sub-01,60,1.7660032018430276,-3.8503975064334051,0.00083458008416647936,0.00069337052899002031
ds004505,sub-01,60,1.7660032018430276,-3.7877894168979025,0.00093635814321117207,0.00076581120530395464
ds004505,sub-01,60,1.7660032018430276,-3.7251813273623999,0.0010788474258737416,0.00085214452492570641
ds004505,sub-01,60,1.7660032018430276,-3.6625732378268974,0.00091600253140223349,0.00095521136324768538
ds004505,sub-01,60,1.7660032018430276,-3.5999651482913948,0.0012009810967273729,0.0010783757963892279
ds004505,sub-01,60,1.7660032018430276,-3.5373570587558922,0.0018727162864223441,0.0012256049894194172
ds004505,sub-01,60,1.7660032018430276,-3.4747489692203897,0.001954138733658098,0.0014015575564994991
ds004505,sub-01,60,1.7660032018430276,-3.4121408796848871,0.001832005062804467,0.0016116804715426447
ds004505,sub-01,60,1.7660032018430276,-3.3495327901493845,0.0022594729107921758,0.0018623143927399936
ds004505,sub-01,60,1.7660032018430276,-3.286924700613882,0.0025037402524994384,0.0021608069978347323
ds004505,sub-01,60,1.7660032018430276,-3.2243166110783794,0.0028294300414424549,0.0025156336054532012
ds004505,sub-01,60,1.7660032018430276,-3.1617085215428773,0.0028701412650603518,0.002936523978367168
ds004505,sub-01,60,1.7660032018430276,-3.0991004320073747,0.0036436545137999952,0.003434593766046603
ds004505,sub-01,60,1.7660032018430276,-3.0364923424718722,0.0039693443027430117,0.0040224785470329939
ds004505,sub-01,60,1.7660032018430276,-2.9738842529363696,0.005109258564043569,0.0047144678797336617
ds004505,sub-01,60,1.7660032018430276,-2.911276163400867,0.0060252610954458028,0.0055266361693396887
ds004505,sub-01,60,1.7660032018430276,-2.8486680738653645,0.0067784187323765279,0.0064769665182060248
ds004505,sub-01,60,1.7660032018430276,-2.7860599843298619,0.0073280202512178679,0.0075854630604801866
ds004505,sub-01,60,1.7660032018430276,-2.7234518947943593,0.009587493162010045,0.0088742466064069148
ds004505,sub-01,60,1.7660032018430276,-2.6608438052588568,0.01009638345723358,0.010367627759274684
ds004505,sub-01,60,1.7660032018430276,-2.5982357157233547,0.011277008942151941,0.012092151044499642
ds004505,sub-01,60,1.7660032018430276,-2.5356276261878521,0.014167505819021212,0.014076603036223313
ds004505,sub-01,60,1.7660032018430276,-2.4730195366523495,0.01691551341322791,0.016351977016317902
ds004505,sub-01,60,1.7660032018430276,-2.410411447116847,0.018503251134325119,0.01895138639144656
ds004505,sub-01,60,1.7660032018430276,-2.3478033575813444,0.022411528601641313,0.021909918965834396
ds004505,sub-01,60,1.7660032018430276,-2.2851952680458418,0.025485225984791034,0.025264424261907739
ds004505,sub-01,60,1.7660032018430276,-2.2225871785103393,0.028538567756131807,0.029053226438891955
ds004505,sub-01,60,1.7660032018430276,-2.1599790889748367,0.032752179400582088,0.033315756019627864
ds004505,sub-01,60,1.7660032018430276,-2.0973709994393341,0.039062419061353028,0.038092094632849925
ds004505,sub-01,60,1.7660032018430276,-2.0347629099038316,0.042176827668120621,0.043422428339954182
ds004505,sub-01,60,1.7660032018430276,-1.9721548203683292,0.047428575514827098,0.049346406860765864
ds004505,sub-01,60,1.7660032018430276,-1.9095467308328269,0.058278116608990987,0.055902408149191049
ds004505,sub-01,60,1.7660032018430276,-1.8469386412973243,0.061860704287364177,0.063126710289839141
ds004505,sub-01,60,1.7660032018430276,-1.7843305517618218,0.071041085213195437,0.071052575566985576
ds004505,sub-01,60,1.7660032018430276,-1.7217224622263192,0.078816928924209953,0.079709254755068695
ds004505,sub-01,60,1.7660032018430276,-1.6591143726908166,0.08518823542040771,0.08912092313226741
ds004505,sub-01,60,1.7660032018430276,-1.5965062831553141,0.095569597442966364,0.099305563341031966
ds004505,sub-01,60,1.7660032018430276,-1.5338981936198115,0.11018492672178422,0.1102738139052641
ds004505,sub-01,60,1.7660032018430276,-1.4712901040843089,0.11993526477826578,0.12202780583522937
ds004505,sub-01,60,1.7660032018430276,-1.4086820145488064,0.13391957009100655,0.13456001316017766
ds004505,sub-01,60,1.7660032018430276,-1.346073925013304,0.14829063202811821,0.14785214625899548
ds004505,sub-01,60,1.7660032018430276,-1.2834658354778017,0.16176604704563444,0.16187411932984394
ds004505,sub-01,60,1.7660032018430276,-1.2208577459422991,0.17607604214731823,0.17658312505753734
ds004505,sub-01,60,1.7660032018430276,-1.1582496564067966,0.19712374475776065,0.19192285030030923
ds004505,sub-01,60,1.7660032018430276,-1.095641566871294,0.20874679910066457,0.20782286621622684
ds004505,sub-01,60,1.7660032018430276,-1.0330334773357914,0.2269447160578556,0.22419822446584167
ds004505,sub-01,60,1.7660032018430276,-0.97042538780028886,0.23669505411433714,0.2409492877275457
ds004505,sub-01,60,1.7660032018430276,-0.9078172982647863,0.26197672398103877,0.25796181747605218
ds004505,sub-01,60,1.7660032018430276,-0.84520920872928373,0.27125888296591477,0.27510733445624669
ds004505,sub-01,60,1.7660032018430276,-0.78260111919378117,0.29428107992182423,0.29224375702745453
ds004505,sub-01,60,1.7660032018430276,-0.7199930296582786,0.3118479729129382,0.30921630871986955
ds004505,sub-01,60,1.7660032018430276,-0.65738494012277604,0.33043264649449905,0.32585866742027569
ds004505,sub-01,60,1.7660032018430276,-0.59477685058727348,0.34339917121679286,0.3419943016510279
ds004505,sub-01,60,1.7660032018430276,-0.53216876105177091,0.36045717391268339,0.35743789838402318
ds004505,sub-01,60,1.7660032018430276,-0.46956067151626835,0.37841082352816718,0.37199671851079208
ds004505,sub-01,60,1.7660032018430276,-0.40695258198076578,0.38706195854696601,0.38547158917703894
ds004505,sub-01,60,1.7660032018430276,-0.34434449244526366,0.39872572411349344,0.39765697480006551
ds004505,sub-01,60,1.7660032018430276,-0.28173640290976154,0.40633872293003082,0.40833891474819367
ds004505,sub-01,60,1.7660032018430276,-0.21912831337425898,0.41537661457319952,0.41728767265329303
ds004505,sub-01,60,1.7660032018430276,-0.15652022383875641,0.4181246221674062,0.4242341116141734
ds004505,sub-01,60,1.7660032018430276,-0.093912134303253847,0.42691824646886767,0.42864327379553335
ds004505,sub-01,60,1.7660032018430276,-0.031304044767751282,0.42726429186961962,0.42966479591566564
ds004505,sub-01,60,1.7660032018430276,0.031304044767751282,0.42842456174272908,0.4281802772314145
ds004505,sub-01,60,1.7660032018430276,0.093912134303253847,0.42638900056183526,0.42463449959982374
ds004505,sub-01,60,1.7660032018430276,0.15652022383875641,0.41745288697771121,0.41928057050038164
ds004505,sub-01,60,1.7660032018430276,0.21912831337425898,0.41476594621893131,0.41232531946656287
ds004505,sub-01,60,1.7660032018430276,0.28173640290976154,0.40446600664360843,0.40395382067228269
ds004505,sub-01,60,1.7660032018430276,0.34434449244526411,0.39624233947279724,0.39433568234673577
ds004505,sub-01,60,1.7660032018430276,0.40695258198076667,0.38396790555200733,0.38362511590614123
ds004505,sub-01,60,1.7660032018430276,0.46956067151626923,0.37322014251688784,0.37195766271443848
ds004505,sub-01,60,1.7660032018430276,0.5321687610517718,0.36214668969282526,0.35944353888694225
ds004505,sub-01,60,1.7660032018430276,0.59477685058727436,0.34647286859994259,0.34615420817231957
ds004505,sub-01,60,1.7660032018430276,0.65738494012277693,0.32849886337264989,0.33208567168210795
ds004505,sub-01,60,1.7660032018430276,0.71999302965827949,0.31536949375588458,0.31679014946357492
ds004505,sub-01,60,1.7660032018430276,0.78260111919378206,0.29444392481629572,0.29924957899654026
ds004505,sub-01,60,1.7660032018430276,0.84520920872928462,0.27995072920833153,0.28113622874918015
ds004505,sub-01,60,1.7660032018430276,0.90781729826478719,0.26702491570965553,0.26288376262031193
ds004505,sub-01,60,1.7660032018430276,0.97042538780028975,0.25027224719089913,0.24475001342072433
ds004505,sub-01,60,1.7660032018430276,1.0330334773357919,0.22841032010810242,0.2269284621114675
ds004505,sub-01,60,1.7660032018430276,1.095641566871294,0.21011062509186343,0.20957215730258383
ds004505,sub-01,60,1.7660032018430276,1.1582496564067966,0.19234017598266009,0.19280316451586588
ds004505,sub-01,60,1.7660032018430276,1.2208577459422991,0.17501755033325342,0.1767176227882874
ds004505,sub-01,60,1.7660032018430276,1.2834658354778017,0.16249884907075623,0.16138911594577063
ds004505,sub-01,60,1.7660032018430276,1.3460739250133043,0.14678431675425568,0.14687130693896452
ds004505,sub-01,60,1.7660032018430276,1.4086820145488068,0.13518161802316073,0.13320021647065822
ds004505,sub-01,60,1.7660032018430276,1.4712901040843094,0.12254078308980991,0.12039630843442131
ds004505,sub-01,60,1.7660032018430276,1.5338981936198119,0.10757940841024009,0.10846645020564495
ds004505,sub-01,60,1.7660032018430276,1.5965062831553145,0.097421958117579768,0.097405772256751039
ds004505,sub-01,60,1.7660032018430276,1.6591143726908171,0.085880326221911621,0.08719943113048767
ds004505,sub-01,60,1.7660032018430276,1.7217224622263196,0.078531950358884814,0.077824270715376592
ds004505,sub-01,60,1.7660032018430276,1.7843305517618222,0.069555125551142932,0.069250373544713764
ds004505,sub-01,60,1.7660032018430276,1.8469386412973248,0.061290747156713891,0.061442493729438122
ds004505,sub-01,60,1.7660032018430276,1.9095467308328273,0.054044149352731781,0.054361364654816932
ds004505,sub-01,60,1.7660032018430276,1.9721548203683299,0.047815332139196594,0.047964876880084426
ds004505,sub-01,60,1.7660032018430276,2.0347629099038325,0.041993627161840172,0.042209124280639443
ds004505,sub-01,60,1.7660032018430276,2.097370999439335,0.036640101256089345,0.037049319061685446
ds004505,sub-01,60,1.7660032018430276,2.1599790889748376,0.032446845223448005,0.032440578666584764
ds004505,sub-01,60,1.7660032018430276,2.2225871785103402,0.028457145308896058,0.028338589695097262
ds004505,sub-01,60,1.7660032018430276,2.2851952680458427,0.024182466829018968,0.024700155679475106
ds004505,sub-01,60,1.7660032018430276,2.3478033575813448,0.020416678644365627,0.021483636918721263
ds004505,sub-01,60,1.7660032018430276,2.410411447116847,0.019521031724772042,0.018649291546535718
ds004505,sub-01,60,1.7660032018430276,2.4730195366523495,0.015714532316500541,0.016159527627124221
ds004505,sub-01,60,1.7660032018430276,2.5356276261878521,0.013434703793899425,0.013979076367304047
ds004505,sub-01,60,1.7660032018430276,2.5982357157233547,0.012172655861745235,0.012075096542684946
ds004505,sub-01,60,1.7660032018430276,2.6608438052588572,0.011460209448432387,0.010417220003513136
ds004505,sub-01,60,1.7660032018430276,2.7234518947943598,0.0083458008416647939,0.0089775476966571423
ds004505,sub-01,60,1.7660032018430276,2.7860599843298623,0.0076944212637787618,0.0077306050579754228
ds004505,sub-01,60,1.7660032018430276,2.8486680738653649,0.0061881059899173106,0.0066532649353181223
ds004505,sub-01,60,1.7660032018430276,2.9112761634008675,0.0050889029522346307,0.0057246454345477463
ds004505,sub-01,60,1.7660032018430276,2.97388425293637,0.0050889029522346307,0.0049259892728108906
ds004505,sub-01,60,1.7660032018430276,3.0364923424718722,0.0042339672562592733,0.0042405304037679559
ds004505,sub-01,60,1.7660032018430276,3.0991004320073747,0.003826855020080388,0.0036533528726578829
ds004505,sub-01,60,1.7660032018430276,3.1617085215428773,0.0030329861595318826,0.0031512460842392114
ds004505,sub-01,60,1.7660032018430276,3.2243166110783799,0.0029312081004871059,0.0027225599385636524
ds004505,sub-01,60,1.7660032018430276,3.2869247006138824,0.0027480075942067396,0.0023570626187890396
ds004505,sub-01,60,1.7660032018430276,3.349532790149385,0.0020966280163206381,0.0020458032086764356
ds004505,sub-01,60,1.7660032018430276,3.4121408796848876,0.0020762724045117588,0.0017809807786622249
ds004505,sub-01,60,1.7660032018430276,3.4747489692203901,0.0014656040502435529,0.0015558211093512451
ds004505,sub-01,60,1.7660032018430276,3.5373570587558927,0.0015063152738614722,0.0013644618186359025
ds004505,sub-01,60,1.7660032018430276,3.5999651482913952,0.0014452484384346147,0.0012018463203832524
ds004505,sub-01,60,1.7660032018430276,3.6625732378268978,0.0012009810967273898,0.0010636267644496935
ds004505,sub-01,60,1.7660032018430276,3.7251813273624004,0.00087529130778434396,0.00094607588451402604
ds004505,sub-01,60,1.7660032018430276,3.7877894168979029,0.0009160025314022466,0.00084600750617505355
ds004505,sub-01,60,1.7660032018430276,3.8503975064334055,0.00069209080150390006,0.00076070533702155083
ds004505,sub-01,60,1.7660032018430276,3.9130055959689081,0.00077351324873967489,0.00068785956704224462
ds004505,sub-01,60,1.7660032018430276,3.9756136855044106,0.00073280202512177647,0.00062551074608955398
ds004505,sub-01,60,1.7660032018430276,4.0382217750399132,0.00065137957788604197,0.00057200036976693574
ds004505,sub-01,60,1.7660032018430276,4.1008298645754158,0.00044782345979664111,0.00052592759113160258
ds004505,sub-01,60,1.7660032018430276,4.1634379541109183,0.00030533417713408218,0.00048611147854040984
ds004505,sub-01,60,1.7660032018430276,4.2260460436464209,0.00038675662436982649,0.00045155825588701239
ds004505,sub-01,60,1.7660032018430276,4.2886541331819235,0.00044782345979665385,0.00042143298698011945
ds004505,sub-01,60,1.7660032018430276,4.3512622227174251,0.00036640101256089859,0.00039503519800537085
ds004505,sub-01,60,1.7660032018430276,4.4138703122529277,0.00046817907160557937,0.00037177796849065692
ds004505,sub-01,60,1.7660032018430276,4.4764784017884303,0.00026462295351620458,0.00035117005999563524
ds004505,sub-01,60,1.7660032018430276,4.5390864913239328,0.0004071122361787647,0.0003328006913109106
ds004505,sub-01,60,1.7660032018430276,4.6016945808594354,0.00034604540075195979,0.00031632660807449247
ds004505,sub-01,60,1.7660032018430276,4.664302670394938,0.00030533417713407351,0.00030146113249182393
ds004505,sub-01,60,1.7660032018430276,4.7269107599304405,0.00032568978894302098,0.00028796491463889819
ds004505,sub-01,60,1.7660032018430276,4.7895188494659431,0.00032568978894301171,0.00027563814020857184
ds004505,sub-01,60,1.7660032018430276,4.8521269390014456,0.00032568978894302098,0.0002643139802756796
ds004505,sub-01,60,1.7660032018430276,4.9147350285369482,0.00032568978894301171,0.00025385309659301685
ds004505,sub-01,60,1.7660032018430276,4.9773431180724508,0.00032568978894302098,0.00024413904108079313
