regime,condition,method,seed,iteration_budget,r_topo_median,r_source_median,amari_index,source_file,source_sha256
Homogeneous Laplacian,clean,FastICA,101,5000,0.99578648030502215,0.99440684684368041,0.015117760712170393,figdata/synth/amica_python_synthetic_v1/synth_clean_seed-0101_fastica.json,f562c4b78cac46edad78e18306c2d4bedb5ccfc780f8fd46c707ba3a3509387a
Homogeneous Laplacian,clean,Infomax,101,5000,0.99613447975382929,0.99425360718853661,0.015190666192735472,figdata/synth/amica_python_synthetic_v1/synth_clean_seed-0101_infomax.json,216895ad18d80c17f58eabda485dbfea07b15f9de5720308569a21aa6441f60a
Homogeneous Laplacian,clean,amica 3k,101,3000,0.97816763426157194,0.98271051331799741,0.047574429703541241,figdata/synth/amica_python_synthetic_v1/synth_clean_seed-0101_jax_gpu.json,ee7f60ce6e6d8f31dc9e02859b73d856636f7a8cf146edfb77c5c5719dd9f61d
Homogeneous Laplacian,clean,Picard,101,5000,0.97049932766716351,0.97858581896123287,0.039880663940955838,figdata/synth/amica_python_synthetic_v1/synth_clean_seed-0101_picard.json,4949c993843064d3a5b904db9743d560ab80dc79bae59cc5d834128598995856
Homogeneous Laplacian,clean,FastICA,202,5000,0.99622975637062239,0.99512681235630773,0.014462281370682499,figdata/synth/amica_python_synthetic_v1/synth_clean_seed-0202_fastica.json,0aef0ba430eb017af5c829f3c4354838922495a19a15d3ace3a9d4f9245d6d14
Homogeneous Laplacian,clean,Infomax,202,5000,0.99613735415140692,0.99494011924774228,0.014714830402728227,figdata/synth/amica_python_synthetic_v1/synth_clean_seed-0202_infomax.json,a44a3e8405d2b065a271bb86f62621a73227d45820e6d718ceb67972dd29d404
Homogeneous Laplacian,clean,amica 3k,202,3000,0.96865375847866186,0.97853305476509245,0.044367803542618517,figdata/synth/amica_python_synthetic_v1/synth_clean_seed-0202_jax_gpu.json,051ed5dffbc8aa037af1df45d2d296f62dd3a6fb4734a179cdbeac7b2d418d31
Homogeneous Laplacian,clean,Picard,202,5000,0.99613008099660982,0.99492637675262907,0.014708365552215786,figdata/synth/amica_python_synthetic_v1/synth_clean_seed-0202_picard.json,135d34a8900f5fde67b4fe72d31dd94fd5c3526cdc08bed547b6763f51a1a1d4
Homogeneous Laplacian,clean,FastICA,303,5000,0.99609991259282582,0.99533572703797901,0.014244297743912518,figdata/synth/amica_python_synthetic_v1/synth_clean_seed-0303_fastica.json,dcfdaeba2f2302092b4e9327bcd35f36d251e5c4283b9dffaa1da20a1169c1cb
Homogeneous Laplacian,clean,Infomax,303,5000,0.99594832015215906,0.99549390741658494,0.014088547614730086,figdata/synth/amica_python_synthetic_v1/synth_clean_seed-0303_infomax.json,febf33441235a54a1460cc22233bee8631b7618676826bf9c98b8d64a6cd1a2f
Homogeneous Laplacian,clean,amica 3k,303,3000,0.9939615324533686,0.99291836439259196,0.019776157579328969,figdata/synth/amica_python_synthetic_v1/synth_clean_seed-0303_jax_gpu.json,aca8c7fdd13a4b62ec92798eb786550d215810cc8968b9205f4fa127cd628ad3
Homogeneous Laplacian,clean,Picard,303,5000,0.98924415349080541,0.97639281224038099,0.039808683376241417,figdata/synth/amica_python_synthetic_v1/synth_clean_seed-0303_picard.json,179a897035d8cf5b0994db3dc6ea7a38670c6b1ff6c9d701c2f44ffe4c25c628
Homogeneous Laplacian,clean,FastICA,404,5000,0.9968545730062548,0.99473268735801634,0.01468089204558921,figdata/synth/amica_python_synthetic_v1/synth_clean_seed-0404_fastica.json,c1408b93f12a11d59427836cb727f9668b23e4455b62c6ff6ef758996d20de57
Homogeneous Laplacian,clean,Infomax,404,5000,0.99676646703599747,0.99473001692770935,0.014925301647331281,figdata/synth/amica_python_synthetic_v1/synth_clean_seed-0404_infomax.json,cd8794e391d29a1c731d8f7f580a2c51bcdcd89c5c616c37b3194fb89d09dd0d
Homogeneous Laplacian,clean,amica 3k,404,3000,0.94075051858220926,0.89164477119862096,0.084706504289133899,figdata/synth/amica_python_synthetic_v1/synth_clean_seed-0404_jax_gpu.json,bd8bad7d04b5b13c3682ad3a5374ea04fd1d803ecb002b9925a8b694c43b91dc
Homogeneous Laplacian,clean,Picard,404,5000,0.99673811413964497,0.99473713727545809,0.014890621465021486,figdata/synth/amica_python_synthetic_v1/synth_clean_seed-0404_picard.json,e2905bed9002ea7d5053801c6d87dc1f4c736708e8d35ab65322df3bb62ed92d
Homogeneous Laplacian,clean,FastICA,505,5000,0.99599172229115718,0.99517849390596358,0.014656746608046559,figdata/synth/amica_python_synthetic_v1/synth_clean_seed-0505_fastica.json,ee7f9076ab92cca983f14bb3b57e15e1b51cf9926deb85a9511d300397274cad
Homogeneous Laplacian,clean,Infomax,505,5000,0.99633527919476572,0.99526666344257841,0.014462098500003713,figdata/synth/amica_python_synthetic_v1/synth_clean_seed-0505_infomax.json,c02bd708add3deea969676e8778fe6027e4039f870016d9a347693f5f70ace5f
Homogeneous Laplacian,clean,amica 3k,505,3000,0.98958593617509583,0.98869983590527843,0.031835474240963411,figdata/synth/amica_python_synthetic_v1/synth_clean_seed-0505_jax_gpu.json,703686ca2908389d94a5f0b42a7403a5b11480569d22bff256156c57690f9570
Homogeneous Laplacian,clean,Picard,505,5000,0.99640182191587034,0.99526576127067212,0.014490740871479436,figdata/synth/amica_python_synthetic_v1/synth_clean_seed-0505_picard.json,1efd298d668da15c4b64065f6d2356e86cf5804837a9d0f235746bd6026c97cc
Homogeneous Laplacian,clean,FastICA,606,5000,0.99644977502805143,0.99535743529645604,0.014063163332207688,figdata/synth/amica_python_synthetic_v1/synth_clean_seed-0606_fastica.json,6826b145621a60ac2b392aa9c3bbba6c887670b5cb6f20a68d6e269ad4916395
Homogeneous Laplacian,clean,Infomax,606,5000,0.99650747708125598,0.99538223291769024,0.013977300068095222,figdata/synth/amica_python_synthetic_v1/synth_clean_seed-0606_infomax.json,6d365ecbde99a73c8c541b182b74201cf897598c88cfcf74afe5f246ad106665
Homogeneous Laplacian,clean,amica 3k,606,3000,0.98416327547258109,0.98853175476509691,0.05177556604855111,figdata/synth/amica_python_synthetic_v1/synth_clean_seed-0606_jax_gpu.json,8e080e944579dc83178ad77c36b1dc7ad2cc42799df20b728ffd4d41639c9f15
Homogeneous Laplacian,clean,Picard,606,5000,0.99649767429815006,0.99540454469382456,0.013960099731712767,figdata/synth/amica_python_synthetic_v1/synth_clean_seed-0606_picard.json,2dffab811bc138e833ddbd161ef5aca5214dc177185561768f532577e68ee875
Homogeneous Laplacian,clean,FastICA,707,5000,0.99580649896909801,0.99426135919417136,0.015434844645277501,figdata/synth/amica_python_synthetic_v1/synth_clean_seed-0707_fastica.json,224f0b947d6968f1c445a87ed055cfa2be6f3b50284d7b04b9b6e883d8f932c6
Homogeneous Laplacian,clean,Infomax,707,5000,0.99601291207075071,0.99415102440970959,0.01578365583304845,figdata/synth/amica_python_synthetic_v1/synth_clean_seed-0707_infomax.json,bcabd231d9c267bdb314622351a5ad78bc996fb950b8f48030cc24247b90b856
Homogeneous Laplacian,clean,amica 3k,707,3000,0.98762014202823001,0.98802106535691248,0.026859087174414153,figdata/synth/amica_python_synthetic_v1/synth_clean_seed-0707_jax_gpu.json,16b1ef1ab7edd9b90b0a3ba3302d786d2e8474513d1cf574ca9d392f3d522809
Homogeneous Laplacian,clean,Picard,707,5000,0.99591163387127379,0.99417349631760077,0.015763855783864862,figdata/synth/amica_python_synthetic_v1/synth_clean_seed-0707_picard.json,cd75269f54a59ed083289beb6db48a0f9649c560a1e52998195af4c01e020e06
Homogeneous Laplacian,clean,FastICA,808,5000,0.99610364374572946,0.99480243267611068,0.015321252729003218,figdata/synth/amica_python_synthetic_v1/synth_clean_seed-0808_fastica.json,1e817077c3dafbb09be9d56e678bd74cec52ec472aaec0965e6e062fa1ce7220
Homogeneous Laplacian,clean,Infomax,808,5000,0.99602654555843051,0.99473724161079669,0.015311745782678864,figdata/synth/amica_python_synthetic_v1/synth_clean_seed-0808_infomax.json,4c81f669c6ed8fbe0f31bebf6d3b97eb8b9f8740d782413c88939cd2e1a3fa25
Homogeneous Laplacian,clean,amica 3k,808,3000,0.97758287027204671,0.97834048494977255,0.044325010600606424,figdata/synth/amica_python_synthetic_v1/synth_clean_seed-0808_jax_gpu.json,dee39220aa985dd1655315129e8370e9b618dd0d6b4ab2f3ca8476022fe882e2
Homogeneous Laplacian,clean,Picard,808,5000,0.99604807841181875,0.99475556653727093,0.015308386936734121,figdata/synth/amica_python_synthetic_v1/synth_clean_seed-0808_picard.json,987651d84c627230be01ead2501253562bd9c931d4ae7f8ac0173894bd248827
Homogeneous Laplacian,clean,FastICA,909,5000,0.995663603780092,0.99534018945569758,0.014340562833933259,figdata/synth/amica_python_synthetic_v1/synth_clean_seed-0909_fastica.json,c5bfdbf174bb5e1bdee4cd538fb2cbd80c86d57967f9c0352b9d2812c3fd79be
Homogeneous Laplacian,clean,Infomax,909,5000,0.99588000462658788,0.99548369416898974,0.014171818136985443,figdata/synth/amica_python_synthetic_v1/synth_clean_seed-0909_infomax.json,2e0de20a9d13381c23a66bf0c0c2e11ee3d693a78de2df894e1398ba99bc0192
Homogeneous Laplacian,clean,amica 3k,909,3000,0.99441048708711111,0.99395561550458944,0.017562618147338879,figdata/synth/amica_python_synthetic_v1/synth_clean_seed-0909_jax_gpu.json,e24408dc48877412874f858e117f1a70de9078064ef05d91dd9dabb6c4f1b8ff
Homogeneous Laplacian,clean,Picard,909,5000,0.99586828206166955,0.99547394281455315,0.014194314195304453,figdata/synth/amica_python_synthetic_v1/synth_clean_seed-0909_picard.json,7732ac8ffa5d33ed1ba013d5437f0ed83c413235c7c99acbbb6bf2732af05d9d
Homogeneous Laplacian,clean,FastICA,1010,5000,0.99659558189101949,0.99524326852727585,0.014691969953192507,figdata/synth/amica_python_synthetic_v1/synth_clean_seed-1010_fastica.json,0d95573cd0d6ea9e8e0ec9c62d9dcfa0b1f22031cd264db60fe44709a32cb624
Homogeneous Laplacian,clean,Infomax,1010,5000,0.99624910265598232,0.99507964437570884,0.014687531528065803,figdata/synth/amica_python_synthetic_v1/synth_clean_seed-1010_infomax.json,11aebd9b18f9bb998e28e121678e622fc04ede2c17bd4f1701b0468982b6a79f
Homogeneous Laplacian,clean,amica 3k,1010,3000,0.99283749977245062,0.99159433335651603,0.024231264730006391,figdata/synth/amica_python_synthetic_v1/synth_clean_seed-1010_jax_gpu.json,ff9c43cb99525fd8fdf9c76cbe1aabcf64f9ed613b8799fd49163317ebb4fda4
Homogeneous Laplacian,clean,Picard,1010,5000,0.97793261746156412,0.9792846559489915,0.038300236752744687,figdata/synth/amica_python_synthetic_v1/synth_clean_seed-1010_picard.json,36e673d60196a6c9e414ee67edf8714b0da07b57f05477777507d3dc0a189f19
Homogeneous Laplacian,noise_eog,FastICA,101,5000,0.97105265167287302,0.75064031061179159,0.10657681427082735,figdata/synth/amica_python_synthetic_v1/synth_noise_eog_seed-0101_fastica.json,ac830a45b8a4726e11e71e2ef37ceae7a9e198ba17b7121482b4252d709c9b26
Homogeneous Laplacian,noise_eog,Infomax,101,5000,0.84135548225186496,0.30623935441640138,0.16993547359076577,figdata/synth/amica_python_synthetic_v1/synth_noise_eog_seed-0101_infomax.json,5fb69f307fbd4e10ae656103d592a1158a7023df85b9e437efabe0160082b282
Homogeneous Laplacian,noise_eog,amica 3k,101,3000,0.67867433405171773,0.18828530771810353,0.24649734480651198,figdata/synth/amica_python_synthetic_v1/synth_noise_eog_seed-0101_jax_gpu.json,e8a78b19bb2c8e99a9bb2fa05a076cdc17f941785976b2f44c23f3a9e281130c
Homogeneous Laplacian,noise_eog,Picard,101,5000,0.97203287388298731,0.7328024499036403,0.10556947111623002,figdata/synth/amica_python_synthetic_v1/synth_noise_eog_seed-0101_picard.json,60905af70d1a7a8a30f64ea5d72f27738c9dadcbccec954cbda3b730d7eeefac
Homogeneous Laplacian,noise_eog,FastICA,202,5000,0.96886074164657776,0.73647314733701386,0.11259108583764141,figdata/synth/amica_python_synthetic_v1/synth_noise_eog_seed-0202_fastica.json,f048da385a70dae9709608154067b2cc860f811a87b1d1c22a86fffcf3fba9e0
Homogeneous Laplacian,noise_eog,Infomax,202,5000,0.89386889964932759,0.28044644561123311,0.17226028271472038,figdata/synth/amica_python_synthetic_v1/synth_noise_eog_seed-0202_infomax.json,0e3f6da298d8ac20a0a8292841a1cd906224ff6572aede83c0e75c5bb5d452b6
Homogeneous Laplacian,noise_eog,amica 3k,202,3000,0.73439246298283467,0.16671684841399231,0.23155500437924195,figdata/synth/amica_python_synthetic_v1/synth_noise_eog_seed-0202_jax_gpu.json,5c719381d97cab11c1dba2768c3365bbe2d37557ead19f6f4ce0c7eee2842a95
Homogeneous Laplacian,noise_eog,Picard,202,5000,0.94845244142621044,0.6752628568032123,0.11204518905942214,figdata/synth/amica_python_synthetic_v1/synth_noise_eog_seed-0202_picard.json,f886de2469880c36319e497c8bf6cea031a86431970af8e02fe3b6f63bc3e554
Homogeneous Laplacian,noise_eog,FastICA,303,5000,0.96815072059896468,0.74369544964288647,0.11258691478075787,figdata/synth/amica_python_synthetic_v1/synth_noise_eog_seed-0303_fastica.json,f90fbac37a43e96db509432ed7f8bd2001fbe17f8912a9e3a5196869908fd9ed
Homogeneous Laplacian,noise_eog,Infomax,303,5000,0.82029347666096841,0.27787341832788748,0.19655826656255337,figdata/synth/amica_python_synthetic_v1/synth_noise_eog_seed-0303_infomax.json,c2612a319cb68e4d175787fc855fdbb2d8e64ac8f0f60ba19a67c44f93f2fd07
Homogeneous Laplacian,noise_eog,amica 3k,303,3000,0.72278753479701086,0.1513714097581777,0.24034917070545356,figdata/synth/amica_python_synthetic_v1/synth_noise_eog_seed-0303_jax_gpu.json,e1a97d44ea194e03c3995b0962041ea998b51a7760bde4a01f1714edf0dedd90
Homogeneous Laplacian,noise_eog,Picard,303,5000,0.97369530707003471,0.72454712769935137,0.11986820189993266,figdata/synth/amica_python_synthetic_v1/synth_noise_eog_seed-0303_picard.json,1cdcab027588b83eddc10016270809a53c6b412fedf48ce54700b748590c1dde
Homogeneous Laplacian,noise_eog,FastICA,404,5000,0.95342476807211485,0.66471599956845129,0.10172173714973336,figdata/synth/amica_python_synthetic_v1/synth_noise_eog_seed-0404_fastica.json,ced67a88858bf93cde242eadc70d3ddbd0b63c820f676188f2a8e5466660aaa2
Homogeneous Laplacian,noise_eog,Infomax,404,5000,0.83663639953481028,0.24937990647476491,0.16929085388299253,figdata/synth/amica_python_synthetic_v1/synth_noise_eog_seed-0404_infomax.json,f4a7b4f10b1aeede098c337070f9490537f8da2a6ee015b62b184f8d7b5df6d9
Homogeneous Laplacian,noise_eog,amica 3k,404,3000,0.75666525672496476,0.079623702401091651,0.23156979616773721,figdata/synth/amica_python_synthetic_v1/synth_noise_eog_seed-0404_jax_gpu.json,227db8829c454a3d615b0ea940096aa3ef9f6570301b762c5f71eef72c9e95b9
Homogeneous Laplacian,noise_eog,Picard,404,5000,0.94015652572848318,0.58218964139008789,0.10016684629132064,figdata/synth/amica_python_synthetic_v1/synth_noise_eog_seed-0404_picard.json,9e107f0275114e391955dee1d96efb67a45dda1340ea1fd674e5ae1cdb6a4a49
Homogeneous Laplacian,noise_eog,FastICA,505,5000,0.94475469769862375,0.7052060169446428,0.10955894610665429,figdata/synth/amica_python_synthetic_v1/synth_noise_eog_seed-0505_fastica.json,bf42c15127acd6149d50e5bfba9f303fc3a42634b008b3bfc4fbc558956cea86
Homogeneous Laplacian,noise_eog,Infomax,505,5000,0.85098753463769938,0.18682494059636079,0.21122267722826818,figdata/synth/amica_python_synthetic_v1/synth_noise_eog_seed-0505_infomax.json,94a259457c554c69da055980fe8f3696025be60685ec0d9241a0cc1ab095032a
Homogeneous Laplacian,noise_eog,amica 3k,505,3000,0.70137159540179028,0.16832094855427038,0.25043086028809164,figdata/synth/amica_python_synthetic_v1/synth_noise_eog_seed-0505_jax_gpu.json,05a30e60079ba897ce417882121acce6f6c153ed3f8b5096e994cb35b1f67135
Homogeneous Laplacian,noise_eog,Picard,505,5000,0.95489107287062569,0.56700352506209872,0.11152678968690963,figdata/synth/amica_python_synthetic_v1/synth_noise_eog_seed-0505_picard.json,a2a5e16d68698cfed4a9efc18df5b19d470abb4a62ac01038c7cbb07b8ca5e8a
Homogeneous Laplacian,noise_eog,FastICA,606,5000,0.96248253076051049,0.61044288522776291,0.10541214609434318,figdata/synth/amica_python_synthetic_v1/synth_noise_eog_seed-0606_fastica.json,f39fe0f7a4dc604b4cb1fc537ce331742a0168e6082ea4d98e09c49fd96209c6
Homogeneous Laplacian,noise_eog,Infomax,606,5000,0.80978445041893166,0.1683290619249867,0.23195827034634392,figdata/synth/amica_python_synthetic_v1/synth_noise_eog_seed-0606_infomax.json,176802c75693943eb15e38821d67307909ec3500365b98e469da976f3b46d306
Homogeneous Laplacian,noise_eog,amica 3k,606,3000,0.70913867256291896,0.21263953278751885,0.24988115513898893,figdata/synth/amica_python_synthetic_v1/synth_noise_eog_seed-0606_jax_gpu.json,8ef9435f25c40a6881ca65b953e8bcabbd2c267eab03b5d373b9f79d8b392de1
Homogeneous Laplacian,noise_eog,Picard,606,5000,0.96985112543649832,0.75576621647275688,0.11017512672778393,figdata/synth/amica_python_synthetic_v1/synth_noise_eog_seed-0606_picard.json,db3f66f6c1e3ff6435b90cf1cf5c42432d983db2a3dc673739d3d25a0228eca6
Homogeneous Laplacian,noise_eog,FastICA,707,5000,0.96154764557506622,0.52637082536217916,0.099472290116107157,figdata/synth/amica_python_synthetic_v1/synth_noise_eog_seed-0707_fastica.json,9b1424c15ab9bbbd1353ed8eb25679891f3e9f03372ff5cd1a13c64199369730
Homogeneous Laplacian,noise_eog,Infomax,707,5000,0.85511371035587214,0.25976663089296115,0.17725068766670565,figdata/synth/amica_python_synthetic_v1/synth_noise_eog_seed-0707_infomax.json,7d31c0d61d874c617e569cb5e977aa239f891df59895d39bd99db681f51fcb47
Homogeneous Laplacian,noise_eog,amica 3k,707,3000,0.77920804898510543,0.13241959174794671,0.21780602234558971,figdata/synth/amica_python_synthetic_v1/synth_noise_eog_seed-0707_jax_gpu.json,a1f6d80e635fbcb61a4220e33a9d4fee0cd4a2173a75785cfc87cf6e3bb699ff
Homogeneous Laplacian,noise_eog,Picard,707,5000,0.96286123469483953,0.7142700639143551,0.10070210646655429,figdata/synth/amica_python_synthetic_v1/synth_noise_eog_seed-0707_picard.json,722cdc0d0a9fc13256056c11d208857bb0538f6173c2df5740d7fe8fe875ba66
Homogeneous Laplacian,noise_eog,FastICA,808,5000,0.972900097368115,0.75243642566601121,0.11286981022040321,figdata/synth/amica_python_synthetic_v1/synth_noise_eog_seed-0808_fastica.json,6e80a902677b9ce0d67221580008f49db879fca0a698d836eda62c4a710a9b57
Homogeneous Laplacian,noise_eog,Infomax,808,5000,0.84427837635097891,0.19137901527403478,0.19426947549327181,figdata/synth/amica_python_synthetic_v1/synth_noise_eog_seed-0808_infomax.json,8eb2b412a803696c067d26d58ada5a59a383e40ac8575eda3b4e71c813e2291e
Homogeneous Laplacian,noise_eog,amica 3k,808,3000,0.79229168483699486,0.15220736498736226,0.2067619750908638,figdata/synth/amica_python_synthetic_v1/synth_noise_eog_seed-0808_jax_gpu.json,48fce47d82341fb23b06f9e38dc13081e320c7ecdfd78185533b9374e12cbb54
Homogeneous Laplacian,noise_eog,Picard,808,5000,0.96670361991516418,0.66383478853754108,0.10690878155541268,figdata/synth/amica_python_synthetic_v1/synth_noise_eog_seed-0808_picard.json,9218b3c5f72058fd662502ecec13000241ba373dbda50c26b16b45e619f0a715
Homogeneous Laplacian,noise_eog,FastICA,909,5000,0.97526758003809111,0.75114728428018973,0.10790742954869703,figdata/synth/amica_python_synthetic_v1/synth_noise_eog_seed-0909_fastica.json,9ffd37a5d493eee29ee2a86cba4a377378ea2884f87b5281f796c9b8f76847d9
Homogeneous Laplacian,noise_eog,Infomax,909,5000,0.8876953947225199,0.2645096234371328,0.19110537763448285,figdata/synth/amica_python_synthetic_v1/synth_noise_eog_seed-0909_infomax.json,e3fbf2c111f5963d705463122b5486bc4ccb5f18177af7fd316289b0fbeacd30
Homogeneous Laplacian,noise_eog,amica 3k,909,3000,0.78481117140528234,0.1695323419188641,0.21705666337707683,figdata/synth/amica_python_synthetic_v1/synth_noise_eog_seed-0909_jax_gpu.json,636224ef9773e88d31adecde2acddd74b259a98812d80ec516a2a8bd94171f1b
Homogeneous Laplacian,noise_eog,Picard,909,5000,0.96161548193969626,0.73658436573923791,0.11974075744154535,figdata/synth/amica_python_synthetic_v1/synth_noise_eog_seed-0909_picard.json,d8fe80453cd49f53e2f053c4a1e64ea036a77c6621149c7dd2dafefb3c140532
Homogeneous Laplacian,noise_eog,FastICA,1010,5000,0.97580227337697112,0.72719124279393454,0.11411475524272459,figdata/synth/amica_python_synthetic_v1/synth_noise_eog_seed-1010_fastica.json,3a61333c4306193954792828146bbc93a04a253731ed434dee8f5d48ed6e3ed2
Homogeneous Laplacian,noise_eog,Infomax,1010,5000,0.88065973835711087,0.23369117060121464,0.17148263184878057,figdata/synth/amica_python_synthetic_v1/synth_noise_eog_seed-1010_infomax.json,8259eb24f5159d152cfdc85aee6d19973328ca65f40db0924a7d70ec48a40ceb
Homogeneous Laplacian,noise_eog,amica 3k,1010,3000,0.66466627096905651,0.10165360801737688,0.25595260821988136,figdata/synth/amica_python_synthetic_v1/synth_noise_eog_seed-1010_jax_gpu.json,2e8284e14451c6b76ffd1bc69bf73f5712a316edb9751c667fec1ddc59d67b0e
Homogeneous Laplacian,noise_eog,Picard,1010,5000,0.9648321887208271,0.69736047895789366,0.11870950769550975,figdata/synth/amica_python_synthetic_v1/synth_noise_eog_seed-1010_picard.json,f33460902c0ebf01ad29ef74ed39140b778a0ff4c3b245166b7800e2d4972a22
Homogeneous Laplacian,noise,FastICA,101,5000,0.97671299734921901,0.7107048098276203,0.11237356295705161,figdata/synth/amica_python_synthetic_v1/synth_noise_seed-0101_fastica.json,ab017d169e1797df125dc36ef9d49ec5452a3aa7be75452b0d3c5971ee5aa254
Homogeneous Laplacian,noise,Infomax,101,5000,0.89793096300055741,0.27570359844799369,0.18159750003030514,figdata/synth/amica_python_synthetic_v1/synth_noise_seed-0101_infomax.json,d08a76c46fa2f72a9cd6fad6ca07bfde906271d523c3819dd2724ffb4c8238cc
Homogeneous Laplacian,noise,amica 3k,101,3000,0.64438580371299925,0.15816112230584881,0.28250794622149417,figdata/synth/amica_python_synthetic_v1/synth_noise_seed-0101_jax_gpu.json,d51c9ff0f59e9193b4c5dd9e482c36c24bec96aa67757cc93618101a7508d273
Homogeneous Laplacian,noise,Picard,101,5000,0.95910117873333312,0.60689094461689919,0.12279307721765462,figdata/synth/amica_python_synthetic_v1/synth_noise_seed-0101_picard.json,955f3cfbb4cf1bf998e3529ca282f2f25142faf8efdd1b61b150783cce6e9f0d
Homogeneous Laplacian,noise,FastICA,202,5000,0.96114553662165836,0.70509047839714734,0.12091459125501151,figdata/synth/amica_python_synthetic_v1/synth_noise_seed-0202_fastica.json,0408232deaa39543a645b236290f4b6eb3f0cb65a53c1f17d595d0c8a3a1178d
Homogeneous Laplacian,noise,Infomax,202,5000,0.79559806836118718,0.17411173189635282,0.21987575193363082,figdata/synth/amica_python_synthetic_v1/synth_noise_seed-0202_infomax.json,3d4b4a96f334689af0bdbe142ed0137b498c780874ad9ce828dc4997d73e9f11
Homogeneous Laplacian,noise,amica 3k,202,3000,0.71539031678600917,0.1230105910283131,0.27136746337247597,figdata/synth/amica_python_synthetic_v1/synth_noise_seed-0202_jax_gpu.json,dcdc862bd5a2764d528837c1dfd08d3e5dfdc04fc50d3a67d7e99f46ff38bf9d
Homogeneous Laplacian,noise,Picard,202,5000,0.96164488013256655,0.6949634094264745,0.13349970477070894,figdata/synth/amica_python_synthetic_v1/synth_noise_seed-0202_picard.json,69b20be23596c38cd32f3958b1bb099364f8062ea9ffeabcf99ca97d6a7c68d1
Homogeneous Laplacian,noise,FastICA,303,5000,0.98294077274975067,0.73681046246134208,0.11437482142582059,figdata/synth/amica_python_synthetic_v1/synth_noise_seed-0303_fastica.json,f9eb06e81cf8c56bcdd7df93a5424173f71ab960da583b0c8a6ac78e1cd5cd30
Homogeneous Laplacian,noise,Infomax,303,5000,0.80663587551190719,0.20322897611405416,0.21145608890057449,figdata/synth/amica_python_synthetic_v1/synth_noise_seed-0303_infomax.json,c4acd4ddeee5e938ef9b2974407702cff1bf14bddcd8255e572fb716de5f1485
Homogeneous Laplacian,noise,amica 3k,303,3000,0.74992544024018637,0.14691904774090195,0.25278730470533417,figdata/synth/amica_python_synthetic_v1/synth_noise_seed-0303_jax_gpu.json,e29b59b2e742a514775f86fbec9eb3d2950802915162a0bc4f012f5892c6d918
Homogeneous Laplacian,noise,Picard,303,5000,0.9686313537656992,0.60661547087225187,0.13086620817798475,figdata/synth/amica_python_synthetic_v1/synth_noise_seed-0303_picard.json,99f0cd53de269103347fb10adf51679188922f40ec7e8629e10bb1a9f91bcb66
Homogeneous Laplacian,noise,FastICA,404,5000,0.96022977563280087,0.69173646814347578,0.11363210845775561,figdata/synth/amica_python_synthetic_v1/synth_noise_seed-0404_fastica.json,cf1d32afd9147a206f466c1e4eeda439ff48f44ccb4104b3d3de1568699df235
Homogeneous Laplacian,noise,Infomax,404,5000,0.87698154284743368,0.22304989361061889,0.1747953573274591,figdata/synth/amica_python_synthetic_v1/synth_noise_seed-0404_infomax.json,001d232a94a97d9a2dbc87042e995cea0edff8953d834e60ea142697f98f37cd
Homogeneous Laplacian,noise,amica 3k,404,3000,0.74385731820041689,0.13044915342275742,0.27474045907453021,figdata/synth/amica_python_synthetic_v1/synth_noise_seed-0404_jax_gpu.json,333fad697e47f47a71d615fd2c752105f606754bf31863e337e86106a41762f2
Homogeneous Laplacian,noise,Picard,404,5000,0.96172900576101328,0.64515960183078636,0.12255022584011838,figdata/synth/amica_python_synthetic_v1/synth_noise_seed-0404_picard.json,efc622159a72396b47a93f005f77fcfc5c300c0756716c5bf7dda61d03f0865f
Homogeneous Laplacian,noise,FastICA,505,5000,0.9485440770625797,0.72175751973506796,0.10596002308583016,figdata/synth/amica_python_synthetic_v1/synth_noise_seed-0505_fastica.json,6cd8b0f6404f9deb523486426dcd5da30a8aac7eda7f7792fbeaa1c3dbc8d445
Homogeneous Laplacian,noise,Infomax,505,5000,0.82204431967605551,0.2535748740272209,0.19280395964088345,figdata/synth/amica_python_synthetic_v1/synth_noise_seed-0505_infomax.json,0e8a402ec5061e33d9c830535d3b57e30bf2320a93ddfece7a894b1754e9f5cd
Homogeneous Laplacian,noise,amica 3k,505,3000,0.69913204460317102,0.12767698830109558,0.28137334502536682,figdata/synth/amica_python_synthetic_v1/synth_noise_seed-0505_jax_gpu.json,347f371200affa4c7c3a8bf2951135883c7c5b27cebd77b94137f3c47ed3d2e0
Homogeneous Laplacian,noise,Picard,505,5000,0.92461059520046751,0.42302846009540562,0.1275568221639492,figdata/synth/amica_python_synthetic_v1/synth_noise_seed-0505_picard.json,d4974a33e214c54b04394ee464eacbce598b342468c1631b39dd9247525152b7
Homogeneous Laplacian,noise,FastICA,606,5000,0.965155816886339,0.76354593128919823,0.099526731578839511,figdata/synth/amica_python_synthetic_v1/synth_noise_seed-0606_fastica.json,b863445054c23306bdb0039dfa4edb5d7300c63df729325b54b7826b90cdd475
Homogeneous Laplacian,noise,Infomax,606,5000,0.85631319445056042,0.24873732682398547,0.17310111640221332,figdata/synth/amica_python_synthetic_v1/synth_noise_seed-0606_infomax.json,d91b94decebc3d2ad5eb146318d405c4fef15270c7980683c61b1776f34a4e3b
Homogeneous Laplacian,noise,amica 3k,606,3000,0.70497644247087421,0.12814396839198061,0.27983859554221002,figdata/synth/amica_python_synthetic_v1/synth_noise_seed-0606_jax_gpu.json,d9fa378dc324c0807ca13143921e66b8169f314c0e6675a9d67e11ca6dfbaef7
Homogeneous Laplacian,noise,Picard,606,5000,0.94937686644292008,0.68326173865570428,0.12181440560552852,figdata/synth/amica_python_synthetic_v1/synth_noise_seed-0606_picard.json,b6a1cff0ac4a86231ee5504282a12ea6303dfa9da199d4f691facc043b69e7d0
Homogeneous Laplacian,noise,FastICA,707,5000,0.95989789017690641,0.69473746380391299,0.10669152345304846,figdata/synth/amica_python_synthetic_v1/synth_noise_seed-0707_fastica.json,2f0647a2b3a628a7bd5760b8eb7c53ca614e791e28676f1c99af3425bb39a8fc
Homogeneous Laplacian,noise,Infomax,707,5000,0.84890092655110561,0.28105721041316339,0.18196096779447335,figdata/synth/amica_python_synthetic_v1/synth_noise_seed-0707_infomax.json,1655847c77564e931f6e4c22dea6eb5bed3a347e0e360eb10cd4015d5fb9e443
Homogeneous Laplacian,noise,amica 3k,707,3000,0.78580930351656109,0.16317503474696982,0.24668326327137874,figdata/synth/amica_python_synthetic_v1/synth_noise_seed-0707_jax_gpu.json,02e0b1aa55df3eeaecc675a29ff9f9f532549b1f387733306d6f404ff6ec0190
Homogeneous Laplacian,noise,Picard,707,5000,0.90180049623290126,0.57261375689418359,0.1287957917203893,figdata/synth/amica_python_synthetic_v1/synth_noise_seed-0707_picard.json,9d17e3b9acbe8de61c27975b7b3ac150982a9defe2a396a4b8028616e3f60808
Homogeneous Laplacian,noise,FastICA,808,5000,0.97527009587222513,0.75609584904148031,0.10644220414282207,figdata/synth/amica_python_synthetic_v1/synth_noise_seed-0808_fastica.json,0cadae063540fbd7593bd381d6bf40ddbbbea6e183bb73ff67a5c80674ae9e98
Homogeneous Laplacian,noise,Infomax,808,5000,0.85117272023314183,0.23641898249388704,0.21200369094804467,figdata/synth/amica_python_synthetic_v1/synth_noise_seed-0808_infomax.json,27e545293575596ef764d6b379baea25aed95d2e723e8196bef982adda860ed7
Homogeneous Laplacian,noise,amica 3k,808,3000,0.78448526631567628,0.16332239197340323,0.23298990046991402,figdata/synth/amica_python_synthetic_v1/synth_noise_seed-0808_jax_gpu.json,80d371c12d39bb7fb0919a444f8b7959b63a7dec4c939a9fcf033cf67b6d5801
Homogeneous Laplacian,noise,Picard,808,5000,0.95820891554975374,0.70351210773176465,0.12420076468712807,figdata/synth/amica_python_synthetic_v1/synth_noise_seed-0808_picard.json,0aea551f0a2e63415e0a99375a140fbe1afa9ea39fc8b6139a738040e3cde406
Homogeneous Laplacian,noise,FastICA,909,5000,0.9765843715656104,0.75474124654979746,0.11997574679689407,figdata/synth/amica_python_synthetic_v1/synth_noise_seed-0909_fastica.json,c193275503f249475545cbbae86330a2081f1464fb232365af41b0e96414c4b4
Homogeneous Laplacian,noise,Infomax,909,5000,0.84456009795636278,0.26748211333584326,0.20919947662841237,figdata/synth/amica_python_synthetic_v1/synth_noise_seed-0909_infomax.json,49b658d5f0d2ecf734e37589c52771d49750547b7bfbe5db14ffdb9001696cf8
Homogeneous Laplacian,noise,amica 3k,909,3000,0.70544652044171952,0.088141392199349355,0.26133641114141443,figdata/synth/amica_python_synthetic_v1/synth_noise_seed-0909_jax_gpu.json,97b00b885f3d646cfbfbcb7eb6b5985927d446c384b329161a6fe5bd27646673
Homogeneous Laplacian,noise,Picard,909,5000,0.9704742705402738,0.73078349740620518,0.11249601495634756,figdata/synth/amica_python_synthetic_v1/synth_noise_seed-0909_picard.json,f3339989e24b22acf7a875772ca3950dab194118a437987881a59454956aaafb
Homogeneous Laplacian,noise,FastICA,1010,5000,0.97321689253117638,0.74871061364275238,0.11521801898271519,figdata/synth/amica_python_synthetic_v1/synth_noise_seed-1010_fastica.json,2acf9a3ed3c907b4f7506f7dca21ed9c936f441e656a313096b26594e567589b
Homogeneous Laplacian,noise,Infomax,1010,5000,0.83944157386578278,0.13237400806651436,0.19324904528415729,figdata/synth/amica_python_synthetic_v1/synth_noise_seed-1010_infomax.json,5f016acb691dda43c4640763eb63149b41a0dfd6817300c2bc5aaa60dddd1cfc
Homogeneous Laplacian,noise,amica 3k,1010,3000,0.74929800010440106,0.17260659570429632,0.25224933774239294,figdata/synth/amica_python_synthetic_v1/synth_noise_seed-1010_jax_gpu.json,a2c74d70d91dfce8919cc2070f1c818127ce010492f4949432b8d4f68885ea88
Homogeneous Laplacian,noise,Picard,1010,5000,0.93772079811656039,0.61729239878277942,0.15866825051427141,figdata/synth/amica_python_synthetic_v1/synth_noise_seed-1010_picard.json,c7760d46986ccc4d6a9a92052d0d67fe43143174c0d19958687c88fb8f21b7db
Homogeneous Laplacian,clean,amica 10k,101,10000,0.98676847174856097,0.98506442851255849,0.026523325602357872,figdata/synth/amica_python_synthetic_v1_lap_amica10k/synth_clean_seed-0101_jax_gpu.json,a4517598f072d8cc95a8d61e6c7d80971998f341c3dba2637697164153c93e38
Homogeneous Laplacian,clean,amica 10k,202,10000,0.98461225635365679,0.98975383901922198,0.029516016987344948,figdata/synth/amica_python_synthetic_v1_lap_amica10k/synth_clean_seed-0202_jax_gpu.json,188b41e6233eb5a663d5b33e4fe86768c674ee0f7b3e344476fba3ce0ea57099
Homogeneous Laplacian,clean,amica 10k,303,10000,0.99445175210559245,0.99317895273795997,0.018580466096129337,figdata/synth/amica_python_synthetic_v1_lap_amica10k/synth_clean_seed-0303_jax_gpu.json,d2c59b565328e98124322dc42f258947a24b36837197a4ef6416371cb462ccdc
Homogeneous Laplacian,clean,amica 10k,404,10000,0.98921922316026767,0.98559300899440083,0.027135051225842463,figdata/synth/amica_python_synthetic_v1_lap_amica10k/synth_clean_seed-0404_jax_gpu.json,4d4c7d20b3db5128246120eb34924014272b404a7bc92771546e7a6daafafe10
Homogeneous Laplacian,clean,amica 10k,505,10000,0.99526793100211886,0.99339139451335901,0.019086026694038881,figdata/synth/amica_python_synthetic_v1_lap_amica10k/synth_clean_seed-0505_jax_gpu.json,80069209cf02e4920f7e6815de2ac57de4f2a6558bbbe49a931d857bdcf7b9cf
Homogeneous Laplacian,clean,amica 10k,606,10000,0.99542317221944021,0.99388761042709728,0.01778196669822469,figdata/synth/amica_python_synthetic_v1_lap_amica10k/synth_clean_seed-0606_jax_gpu.json,389ac920060e7726afa1541680c5060739632ce785947410bd905de5c1cd048b
Homogeneous Laplacian,clean,amica 10k,707,10000,0.99202263069473928,0.99086132919578729,0.023004938002229983,figdata/synth/amica_python_synthetic_v1_lap_amica10k/synth_clean_seed-0707_jax_gpu.json,488deed1bf2c9327e16dd292968c211e4fa3b5f4b0258f1215bbf079732212e5
Homogeneous Laplacian,clean,amica 10k,808,10000,0.99321570616522692,0.99066048090334613,0.024278248544529455,figdata/synth/amica_python_synthetic_v1_lap_amica10k/synth_clean_seed-0808_jax_gpu.json,fce6beae30a8a9f3865eb63466da3ba8342631758c44dd826d837c842c8d663c
Homogeneous Laplacian,clean,amica 10k,909,10000,0.99387921471237162,0.99400884209871254,0.017272761138499765,figdata/synth/amica_python_synthetic_v1_lap_amica10k/synth_clean_seed-0909_jax_gpu.json,dacf20a2a77c4338cdec037d326fbca7076863b237c1a3f4adc51bdab8f8fbd9
Homogeneous Laplacian,clean,amica 10k,1010,10000,0.9951046435355857,0.99090907549133656,0.021035826259107892,figdata/synth/amica_python_synthetic_v1_lap_amica10k/synth_clean_seed-1010_jax_gpu.json,ab5fc5490faea59be8a021c9631332388b12b6b1ac0f71198fe52984660e89c6
Homogeneous Laplacian,noise_eog,amica 10k,101,10000,0.79838157302800949,0.15134906568699527,0.20189733519883729,figdata/synth/amica_python_synthetic_v1_lap_amica10k/synth_noise_eog_seed-0101_jax_gpu.json,421e30b068673b0bc37518f1176b5e6373437d5626363a85bb4ff4c493d8be86
Homogeneous Laplacian,noise_eog,amica 10k,202,10000,0.85203598709159478,0.26558004686222891,0.15745424889050458,figdata/synth/amica_python_synthetic_v1_lap_amica10k/synth_noise_eog_seed-0202_jax_gpu.json,be0dd914cb29e13fac7711e8a7c3eb1132331064c0a12f4b3649419105a0d79f
Homogeneous Laplacian,noise_eog,amica 10k,303,10000,0.84249466625313951,0.16868559209496298,0.18420153393163757,figdata/synth/amica_python_synthetic_v1_lap_amica10k/synth_noise_eog_seed-0303_jax_gpu.json,f6da36471127263f0a091e9427cd13c337661bb7640747fe3bfb7fff530c2209
Homogeneous Laplacian,noise_eog,amica 10k,404,10000,0.84548192156112201,0.21205378880485187,0.17539253918235997,figdata/synth/amica_python_synthetic_v1_lap_amica10k/synth_noise_eog_seed-0404_jax_gpu.json,a60a926243867d9672286d5ceda7991f6e10529c8e7513b7b5a7bc8b7b8d55dc
Homogeneous Laplacian,noise_eog,amica 10k,505,10000,0.86988513023528879,0.21876003125160454,0.17120470550731029,figdata/synth/amica_python_synthetic_v1_lap_amica10k/synth_noise_eog_seed-0505_jax_gpu.json,36feb0e02ef19a3733f81ca9c0d86b77a4f31c438ade509c48c2176f3f73dcb0
Homogeneous Laplacian,noise_eog,amica 10k,606,10000,0.81211209147925523,0.14320664807643979,0.18850018847212935,figdata/synth/amica_python_synthetic_v1_lap_amica10k/synth_noise_eog_seed-0606_jax_gpu.json,643ef9463b1f626f36af13ccbdbe958332ea34eb734d3d4c8d955883753bdadf
Homogeneous Laplacian,noise_eog,amica 10k,707,10000,0.86777979939808536,0.22461111645030102,0.17146417658583812,figdata/synth/amica_python_synthetic_v1_lap_amica10k/synth_noise_eog_seed-0707_jax_gpu.json,131dabdb4adff5160c5f3369a5345f1bcd419e5dba681cca3a6cc986e9f4ac53
Homogeneous Laplacian,noise_eog,amica 10k,808,10000,0.79660336024622436,0.20849056864165666,0.1804252811103168,figdata/synth/amica_python_synthetic_v1_lap_amica10k/synth_noise_eog_seed-0808_jax_gpu.json,822ce489375ff72cbcb4eda636f9b5d7f6d5de0cd4389de0da416800953312c8
Homogeneous Laplacian,noise_eog,amica 10k,909,10000,0.83719246027944427,0.23691613318411686,0.1693639797979663,figdata/synth/amica_python_synthetic_v1_lap_amica10k/synth_noise_eog_seed-0909_jax_gpu.json,30e0cfbbe4663b26b6fc76268e6c148bd31cc710d34c8dcd4653a85dfb03ebb4
Homogeneous Laplacian,noise_eog,amica 10k,1010,10000,0.80724826869162247,0.24000970445959033,0.17522488901795036,figdata/synth/amica_python_synthetic_v1_lap_amica10k/synth_noise_eog_seed-1010_jax_gpu.json,83133390e7716cfbd7d23cce7ba7fe08b3325d57c2bc3e99bdabb4b89c2d037e
Homogeneous Laplacian,noise,amica 10k,101,10000,0.74304327420009553,0.14338648275291566,0.27235180904007827,figdata/synth/amica_python_synthetic_v1_lap_amica10k/synth_noise_seed-0101_jax_gpu.json,5851e2b31deb444e25f1821957b2452df06b33835d62a66156b217de63150ba0
Homogeneous Laplacian,noise,amica 10k,202,10000,0.73127610170166579,0.17407821180790389,0.23997537163062738,figdata/synth/amica_python_synthetic_v1_lap_amica10k/synth_noise_seed-0202_jax_gpu.json,d38f47021e438eec008e2af26396d1ef9db7bd2c72452ed3b2b1664bfafaaa9d
Homogeneous Laplacian,noise,amica 10k,303,10000,0.84885287806809373,0.22492585234966322,0.18534848833721029,figdata/synth/amica_python_synthetic_v1_lap_amica10k/synth_noise_seed-0303_jax_gpu.json,5bce8c1e6db625b108ae6e4c196629325ea2d26a4808a68709a7e0b27d88ad7a
Homogeneous Laplacian,noise,amica 10k,404,10000,0.80399883104892322,0.18828016241268797,0.21480645863063996,figdata/synth/amica_python_synthetic_v1_lap_amica10k/synth_noise_seed-0404_jax_gpu.json,a2047b28c9a79ee4649ba6d431a34ac6e358d7a1926f7f98fa00ff6e89ebff13
Homogeneous Laplacian,noise,amica 10k,505,10000,0.74045889859290459,0.15474866989837771,0.25895660211085803,figdata/synth/amica_python_synthetic_v1_lap_amica10k/synth_noise_seed-0505_jax_gpu.json,7feb82e349c8419c3f93f6d86b629efe177d21060814cdc8bec479729b06da7f
Homogeneous Laplacian,noise,amica 10k,606,10000,0.76411019911540601,0.14575343379504513,0.26237392164404849,figdata/synth/amica_python_synthetic_v1_lap_amica10k/synth_noise_seed-0606_jax_gpu.json,783cdcd06a0cb0a00396fac5438de43ec9366e6e245752712d54b077197e7a3a
Homogeneous Laplacian,noise,amica 10k,707,10000,0.801867574949509,0.19085251538244913,0.20525206771012194,figdata/synth/amica_python_synthetic_v1_lap_amica10k/synth_noise_seed-0707_jax_gpu.json,849b6eaa1528b7e272917fbb987d350647465bed998c9179730f19d0e076a333
Homogeneous Laplacian,noise,amica 10k,808,10000,0.88321829929443818,0.24199662716147752,0.16690663037397518,figdata/synth/amica_python_synthetic_v1_lap_amica10k/synth_noise_seed-0808_jax_gpu.json,0cb5720f5504eab00ff5b048aa1e154ec420d4e5a03b3d3331439484414fc40d
Homogeneous Laplacian,noise,amica 10k,909,10000,0.7842494988162747,0.1299428883990833,0.26170537449283038,figdata/synth/amica_python_synthetic_v1_lap_amica10k/synth_noise_seed-0909_jax_gpu.json,faac5ab053623cebe24cf012f17f226c2ad4b96c1410f460c6c211ea68c80ffa
Homogeneous Laplacian,noise,amica 10k,1010,10000,0.88935160843368577,0.30748902801926664,0.1619969351383807,figdata/synth/amica_python_synthetic_v1_lap_amica10k/synth_noise_seed-1010_jax_gpu.json,03bc080851f0fe74c4d26cb1485f7f04189ce27966e1cb0a316941d878125700
Heterogeneous mixture,clean,FastICA,101,5000,0.99062803397460808,0.98605915874925232,0.059559875064881293,figdata/synth/amica_python_synthetic_v1_mixed/synth_clean_seed-0101_fastica.json,94cc621f275a181f577bc48d7c2e70cef4bfbc194ca5053440d3b2dafa4cc682
Heterogeneous mixture,clean,Infomax,101,5000,0.98581744522102288,0.98330407134085296,0.08267213264939656,figdata/synth/amica_python_synthetic_v1_mixed/synth_clean_seed-0101_infomax.json,ef776a2bc126f0c4fec5335428c38a193711d562916c3a4d2acefa66dea45372
Heterogeneous mixture,clean,amica 3k,101,3000,0.94066439140835412,0.97511466398236202,0.060742762294908673,figdata/synth/amica_python_synthetic_v1_mixed/synth_clean_seed-0101_jax_gpu.json,f3742b979adc2c61a76c431a48ebe76822f19185956a2a88b63192b0ccc89181
Heterogeneous mixture,clean,Picard,101,5000,0.97142930220070234,0.98307941475982608,0.078214036092993738,figdata/synth/amica_python_synthetic_v1_mixed/synth_clean_seed-0101_picard.json,582a82237e917e6feb5500b7c7c4a7218dc284241b1fec39ea28ada00ae1d843
Heterogeneous mixture,clean,FastICA,202,5000,0.9886049500100802,0.98800943821724974,0.064721589813916597,figdata/synth/amica_python_synthetic_v1_mixed/synth_clean_seed-0202_fastica.json,a2d76174fb0468f8e5f4fc3c937a656b51c45e75bed35384892c65c5431c2403
Heterogeneous mixture,clean,Infomax,202,5000,0.95587479874526216,0.96886286238868791,0.069320412392819053,figdata/synth/amica_python_synthetic_v1_mixed/synth_clean_seed-0202_infomax.json,6bcbbe041aef107fd7885ee37651155c8be5f50abb2fd8b0419faaf9ea40ae67
Heterogeneous mixture,clean,amica 3k,202,3000,0.84382138723205835,0.41933390027170131,0.084284899507928307,figdata/synth/amica_python_synthetic_v1_mixed/synth_clean_seed-0202_jax_gpu.json,fcc9e68b370cea66d40f797668ec24c64b3d8b60f0d61bb918f12d65e8d4f3e5
Heterogeneous mixture,clean,Picard,202,5000,0.9758833051764666,0.98566096245369439,0.070669297376186851,figdata/synth/amica_python_synthetic_v1_mixed/synth_clean_seed-0202_picard.json,9a0a615a7750be7df0bfb94e1a2f27fb58549dcec0ad0332f733ee645914f257
Heterogeneous mixture,clean,FastICA,303,5000,0.979096606159926,0.97908015254549263,0.059472496330688254,figdata/synth/amica_python_synthetic_v1_mixed/synth_clean_seed-0303_fastica.json,8b4646a01dada43c9490caf52c809281a9e21226849c397de50a7e7abf7c5de8
Heterogeneous mixture,clean,Infomax,303,5000,0.98953618341953731,0.97901286499823947,0.06095078871010183,figdata/synth/amica_python_synthetic_v1_mixed/synth_clean_seed-0303_infomax.json,b0349211946d2b1b7e65cf760ccafe466cf029f1edbc7b264a8299e97b566717
Heterogeneous mixture,clean,amica 3k,303,3000,0.94385962385847577,0.94994593879217404,0.061525817899452065,figdata/synth/amica_python_synthetic_v1_mixed/synth_clean_seed-0303_jax_gpu.json,cdb7206fac15e8ff0dea8acb347cbcb4dc5c0f9abf7ab73d27ab5fcbc41b8335
Heterogeneous mixture,clean,Picard,303,5000,0.93008409537986847,0.73136501080439187,0.082861954499785201,figdata/synth/amica_python_synthetic_v1_mixed/synth_clean_seed-0303_picard.json,b72a186aede678efdbf7c2e7d6f52b5e5d6b42001cc3d0d155bf37fa36fc855a
Heterogeneous mixture,clean,FastICA,404,5000,0.98938542548473363,0.98761862737109218,0.057703409271465465,figdata/synth/amica_python_synthetic_v1_mixed/synth_clean_seed-0404_fastica.json,bb33c5156a01a86f0637ea7668168379d10d425ab0463f7345b39448bae29e9c
Heterogeneous mixture,clean,Infomax,404,5000,0.91088925532954823,0.71161198618366006,0.07546610318000968,figdata/synth/amica_python_synthetic_v1_mixed/synth_clean_seed-0404_infomax.json,c1f9dfd2483e60ea7a724afb569a4fc5c20cfb430d26de6f5a1d784f451b616a
Heterogeneous mixture,clean,amica 3k,404,3000,0.89879786799096761,0.90256983777489963,0.070795873505523771,figdata/synth/amica_python_synthetic_v1_mixed/synth_clean_seed-0404_jax_gpu.json,614ecef307779bf7d0a2a187a3e3870c973edf9d3d0de3e6d3d5f606dbf1ad7b
Heterogeneous mixture,clean,Picard,404,5000,0.9341483494231031,0.96816728319817902,0.070983597329626488,figdata/synth/amica_python_synthetic_v1_mixed/synth_clean_seed-0404_picard.json,ab0efa49b6b7121d8ca8dc12903e729ea65be7777cec40bde8c471d5ebdc6e0f
Heterogeneous mixture,clean,FastICA,505,5000,0.98690722634403305,0.9851827107937593,0.056592601811694482,figdata/synth/amica_python_synthetic_v1_mixed/synth_clean_seed-0505_fastica.json,a9159edfdb84f3e3bc7cf296ad6ee8151b13eb39a2badd9af8074367e89f45e8
Heterogeneous mixture,clean,Infomax,505,5000,0.95956490890659674,0.97994525764763118,0.071499242200441113,figdata/synth/amica_python_synthetic_v1_mixed/synth_clean_seed-0505_infomax.json,2e75cdfd70e32aae8f8578836e5a329b54093c460b14f51a3a5d9bbdb191f983
Heterogeneous mixture,clean,amica 3k,505,3000,0.90443250529793584,0.66754924571954888,0.086359365158359624,figdata/synth/amica_python_synthetic_v1_mixed/synth_clean_seed-0505_jax_gpu.json,b356862af523b62be7d7091c53ee329e8ffe6b9e23c5e409479d8bc5e2702f82
Heterogeneous mixture,clean,Picard,505,5000,0.93361999844582533,0.78892168498636894,0.082625581884129273,figdata/synth/amica_python_synthetic_v1_mixed/synth_clean_seed-0505_picard.json,cf4e81065e7045d4df30ce899f15e381bd6c8924f2a89e527e03b8668ff1c269
Heterogeneous mixture,clean,FastICA,606,5000,0.99235625224498192,0.98828671673370327,0.060747166908450265,figdata/synth/amica_python_synthetic_v1_mixed/synth_clean_seed-0606_fastica.json,505350126f2e1a2ea4597fdfd0c989a35e2ff956147b7baf816f408982164525
Heterogeneous mixture,clean,Infomax,606,5000,0.93941013066443579,0.97629516803395533,0.072700948175971489,figdata/synth/amica_python_synthetic_v1_mixed/synth_clean_seed-0606_infomax.json,bec2002dc2c31f00b327923c0d35755a68fd076a05b8d309407cf30a9bb46aa1
Heterogeneous mixture,clean,amica 3k,606,3000,0.89426104327025191,0.93715392160613842,0.067028672893363603,figdata/synth/amica_python_synthetic_v1_mixed/synth_clean_seed-0606_jax_gpu.json,c5d96ba044919337f35e5900865df8e11cd27ccd3d776659f46ab655e72436ce
Heterogeneous mixture,clean,Picard,606,5000,0.88778997033876283,0.53107904781839332,0.07894176227372407,figdata/synth/amica_python_synthetic_v1_mixed/synth_clean_seed-0606_picard.json,33c10822e00690c900949666acf34f981288d063c8c2496be665db3efc955df3
Heterogeneous mixture,clean,FastICA,707,5000,0.99200639228653675,0.98850433435390039,0.057225297682886297,figdata/synth/amica_python_synthetic_v1_mixed/synth_clean_seed-0707_fastica.json,26b0ab54327cee91c3fd81aa2ad55847973dbf309358631538ab60bf0ca5066d
Heterogeneous mixture,clean,Infomax,707,5000,0.99088974249533246,0.98331335414121224,0.069434217689227778,figdata/synth/amica_python_synthetic_v1_mixed/synth_clean_seed-0707_infomax.json,b695e2030236cfa2b619cde3600beaab4f6ee96e1b8394f4182c908fcf83372c
Heterogeneous mixture,clean,amica 3k,707,3000,0.94703996832150461,0.73617947298152053,0.065310442743987354,figdata/synth/amica_python_synthetic_v1_mixed/synth_clean_seed-0707_jax_gpu.json,ebd5ef35501a339203f3ce181085b8ca32e175b162b5a9e895603b03a69c06d8
Heterogeneous mixture,clean,Picard,707,5000,0.94387270356840425,0.72620114809223446,0.080855565567767268,figdata/synth/amica_python_synthetic_v1_mixed/synth_clean_seed-0707_picard.json,9381c60a8c562898a96e35a1b0bf7239c8557446cf0e3ff0db3a11b0d0d429bb
Heterogeneous mixture,clean,FastICA,808,5000,0.98973642882378099,0.98742652729479974,0.057099561673072737,figdata/synth/amica_python_synthetic_v1_mixed/synth_clean_seed-0808_fastica.json,7c8af31ad7de157e4c674fd36bc43cf128066ab06165f8dfd3b44bef1751184c
Heterogeneous mixture,clean,Infomax,808,5000,0.91481850110406182,0.38158949409874432,0.082662895843986978,figdata/synth/amica_python_synthetic_v1_mixed/synth_clean_seed-0808_infomax.json,2f7f4520f76affa69db424fb1dc535145cd98294b1cd1d658cdd6402a36835f7
Heterogeneous mixture,clean,amica 3k,808,3000,0.98796035441771268,0.98094586420864893,0.051739863574112699,figdata/synth/amica_python_synthetic_v1_mixed/synth_clean_seed-0808_jax_gpu.json,a2c773c0ad11bb4add9badc432f2f9399cb7dd706334e8fbf8ce429cd21c8dad
Heterogeneous mixture,clean,Picard,808,5000,0.98978662096813297,0.98655726802691079,0.078194224155857528,figdata/synth/amica_python_synthetic_v1_mixed/synth_clean_seed-0808_picard.json,630e3e93de0e3021c52bd1cc247815945b86314e34019d1e8ba5219d593fe46a
Heterogeneous mixture,clean,FastICA,909,5000,0.99198648859201422,0.98539583071477477,0.057970114218399232,figdata/synth/amica_python_synthetic_v1_mixed/synth_clean_seed-0909_fastica.json,a6bd4d1998c71dd9fe9cba76be8eee7e0604d59f4ad793dbb4b40c8595394276
Heterogeneous mixture,clean,Infomax,909,5000,0.97530075452705156,0.97831812407108765,0.073713650061779129,figdata/synth/amica_python_synthetic_v1_mixed/synth_clean_seed-0909_infomax.json,553e66729314b1a824ff19e847b03d191782aeec14fa55a204a79770c72cdb4e
Heterogeneous mixture,clean,amica 3k,909,3000,0.87120037222434443,0.6840007604353372,0.076729598328039883,figdata/synth/amica_python_synthetic_v1_mixed/synth_clean_seed-0909_jax_gpu.json,0a1d5dcf3ac1d616fa7a243856f83ea0d70f1eb209b17fa1a1f3148d768f170b
Heterogeneous mixture,clean,Picard,909,5000,0.96385204335216779,0.98509914761591844,0.083484166166364698,figdata/synth/amica_python_synthetic_v1_mixed/synth_clean_seed-0909_picard.json,c592d09d3895e57e78d4182bc8d642ec2b1a22d4750e48e47ab4443351a2222c
Heterogeneous mixture,clean,FastICA,1010,5000,0.98524118604967414,0.98720265856564637,0.061404939060903989,figdata/synth/amica_python_synthetic_v1_mixed/synth_clean_seed-1010_fastica.json,7afa953792a37b30a3c635941270a48b0e92c729602e8023c300758e6e48029c
Heterogeneous mixture,clean,Infomax,1010,5000,0.97014462536170365,0.98204672843384633,0.079938537285519445,figdata/synth/amica_python_synthetic_v1_mixed/synth_clean_seed-1010_infomax.json,f61687fa64910f41bdf04686ca350b9b67759ef28f3841f8aa99fa41d9b9f114
Heterogeneous mixture,clean,amica 3k,1010,3000,0.88164575108980792,0.21422880714924053,0.10823827851614437,figdata/synth/amica_python_synthetic_v1_mixed/synth_clean_seed-1010_jax_gpu.json,fa44ac6953a26ecf5b569ce14c054a966aa2b9d6edceaf9e3f1cbc7815ad9cc4
Heterogeneous mixture,clean,Picard,1010,5000,0.97152255301703749,0.98112704652360561,0.081711097906706831,figdata/synth/amica_python_synthetic_v1_mixed/synth_clean_seed-1010_picard.json,339fbd69e66b337da1638614eebedc8129713bec2174d853c3b6199b1c5a8e98
Heterogeneous mixture,noise_eog,FastICA,101,5000,0.88267699326558646,0.43609682450135578,0.13345307676477319,figdata/synth/amica_python_synthetic_v1_mixed/synth_noise_eog_seed-0101_fastica.json,577e628a9e99dfb2b6edc8a67d97eabd9c69340d057a804286c1a755c3f78c75
Heterogeneous mixture,noise_eog,Infomax,101,5000,0.89145856232210496,0.26309603216601035,0.17703372521117253,figdata/synth/amica_python_synthetic_v1_mixed/synth_noise_eog_seed-0101_infomax.json,ad0abd4ae1cd62b9c9a042d01d72b579b58a7c41f1ac68f6e1fc42b0c8bb93fe
Heterogeneous mixture,noise_eog,amica 3k,101,3000,0.78988546726127473,0.15183998153932682,0.17191184371717591,figdata/synth/amica_python_synthetic_v1_mixed/synth_noise_eog_seed-0101_jax_gpu.json,744e1c38b2287dfa1650b00d6e60c295217165171aedf2a6d53d185a672b6f14
Heterogeneous mixture,noise_eog,Picard,101,5000,0.84754420989364787,0.24917991598982087,0.15388631575429779,figdata/synth/amica_python_synthetic_v1_mixed/synth_noise_eog_seed-0101_picard.json,d1f909bdc865ffaecab6c3f7e1819e6159569356d83db223243ca9cef870b6fd
Heterogeneous mixture,noise_eog,FastICA,202,5000,0.8995169894909385,0.39766390835534848,0.1314665260558415,figdata/synth/amica_python_synthetic_v1_mixed/synth_noise_eog_seed-0202_fastica.json,e33e91cf3e5b9add35971983dec24774e3c8204ba7d0ae430a2bb2351d2479e7
Heterogeneous mixture,noise_eog,Infomax,202,5000,0.82725646112394158,0.240853975101114,0.19289903333080019,figdata/synth/amica_python_synthetic_v1_mixed/synth_noise_eog_seed-0202_infomax.json,6cfca1e536340ea2d650324838b6b989622ff95f6694d03ec45aa3d73c2ddb1f
Heterogeneous mixture,noise_eog,amica 3k,202,3000,0.76532463895807878,0.18494574467089542,0.18366612476647329,figdata/synth/amica_python_synthetic_v1_mixed/synth_noise_eog_seed-0202_jax_gpu.json,dbadfd47aadcf9172e97f3f2c1ba4b801fb606e291c110ae70f1e29a633b51be
Heterogeneous mixture,noise_eog,Picard,202,5000,0.87957286274451674,0.28846858251438751,0.16185056859796185,figdata/synth/amica_python_synthetic_v1_mixed/synth_noise_eog_seed-0202_picard.json,2cd5b5ccbb032c2a5ba4a363a8bde15d84799a130f6b399e4111e3fb029d1d0e
Heterogeneous mixture,noise_eog,FastICA,303,5000,0.86472229909687037,0.24439391633337515,0.14747463071053857,figdata/synth/amica_python_synthetic_v1_mixed/synth_noise_eog_seed-0303_fastica.json,3495eb331194f4c2a8d9c72b2cb37f2ba47f9980ce9f7ec5d2030ac8dae850cf
Heterogeneous mixture,noise_eog,Infomax,303,5000,0.81237357088056572,0.25733037463209829,0.18097853087140731,figdata/synth/amica_python_synthetic_v1_mixed/synth_noise_eog_seed-0303_infomax.json,6f203c3d6b814591bc6db32dfd0467b284544c8453e4ef042e41a1c963fbd52c
Heterogeneous mixture,noise_eog,amica 3k,303,3000,0.80879699574082897,0.17816390958618614,0.17002752615779609,figdata/synth/amica_python_synthetic_v1_mixed/synth_noise_eog_seed-0303_jax_gpu.json,e942c1ff9ad5a21f93b850af2a0e4f117edef2fc902e6b828ce3845bf64d7dab
Heterogeneous mixture,noise_eog,Picard,303,5000,0.87115353335609669,0.26210157464027622,0.15979711920458664,figdata/synth/amica_python_synthetic_v1_mixed/synth_noise_eog_seed-0303_picard.json,619b2f56e17f7eb40fdf847da2b6cbc155a75059ed77638bb49f8eb624477741
Heterogeneous mixture,noise_eog,FastICA,404,5000,0.86201214960429218,0.30604785111580979,0.14975506775205744,figdata/synth/amica_python_synthetic_v1_mixed/synth_noise_eog_seed-0404_fastica.json,a9285d84982e15c3dcc8626b212b15185575658851c10c9b8c8a4f6a682672b9
Heterogeneous mixture,noise_eog,Infomax,404,5000,0.88854463725173116,0.29589991994333348,0.17221068438642301,figdata/synth/amica_python_synthetic_v1_mixed/synth_noise_eog_seed-0404_infomax.json,95289994faeca72e707c2aad6f33cc44836e4f3c6b5ed8d3a0d8bc819f7425fe
Heterogeneous mixture,noise_eog,amica 3k,404,3000,0.72885600383071703,0.23544735126842598,0.16678565608357598,figdata/synth/amica_python_synthetic_v1_mixed/synth_noise_eog_seed-0404_jax_gpu.json,7b462606da317455458a3e876f90ebe99773c851e241aa9af3246602ae019943
Heterogeneous mixture,noise_eog,Picard,404,5000,0.87277298591868813,0.28291721014366888,0.14633413698279188,figdata/synth/amica_python_synthetic_v1_mixed/synth_noise_eog_seed-0404_picard.json,e3b8a7f5f3220c1ddcd32f1d647f7d2e381ad45eca5db4728f4f1aa57944c8ec
Heterogeneous mixture,noise_eog,FastICA,505,5000,0.8917788133611817,0.42016333182088661,0.12018371566843192,figdata/synth/amica_python_synthetic_v1_mixed/synth_noise_eog_seed-0505_fastica.json,7b40a33028dba39bcf2fd0ace80095f0188a831c9fbda98e3997647ded29099e
Heterogeneous mixture,noise_eog,Infomax,505,5000,0.8673598043683648,0.13867369611700073,0.18327564309413347,figdata/synth/amica_python_synthetic_v1_mixed/synth_noise_eog_seed-0505_infomax.json,e6bad7f41c796dbed7bfdbb560f16e809a7385a819a0cb0e04868a30a85ad9c5
Heterogeneous mixture,noise_eog,amica 3k,505,3000,0.74003389767342154,0.21468157381032349,0.18608230547322344,figdata/synth/amica_python_synthetic_v1_mixed/synth_noise_eog_seed-0505_jax_gpu.json,cfc6659678eee5ee71e2279f14de3e5a35a44f7d434ff898f8ee36193f636bab
Heterogeneous mixture,noise_eog,Picard,505,5000,0.87969245730804502,0.20948578419066721,0.1274345635742038,figdata/synth/amica_python_synthetic_v1_mixed/synth_noise_eog_seed-0505_picard.json,5fd245c413a414b6956c9ba0e5c1bdd2b6afa8f31615e3506ccc66e5dd926226
Heterogeneous mixture,noise_eog,FastICA,606,5000,0.92297229080139109,0.54570448238589497,0.12443725978838567,figdata/synth/amica_python_synthetic_v1_mixed/synth_noise_eog_seed-0606_fastica.json,052fd5f06dfc9d020cd88921b847af111e18f4bf253ce7d59446da568d946a6f
Heterogeneous mixture,noise_eog,Infomax,606,5000,0.86421054992828183,0.25242923708726461,0.17153079846598107,figdata/synth/amica_python_synthetic_v1_mixed/synth_noise_eog_seed-0606_infomax.json,add0c1d49a12f03bbc9043e4e274bb8b52a5e67f8f5156a22c198d9702db1f77
Heterogeneous mixture,noise_eog,amica 3k,606,3000,0.83841581769018247,0.1221112061894752,0.15254572214255108,figdata/synth/amica_python_synthetic_v1_mixed/synth_noise_eog_seed-0606_jax_gpu.json,cc706a845a68c2a4f2a148cd3f9707d84071b1d32ad838d3488bfa5c484664a9
Heterogeneous mixture,noise_eog,Picard,606,5000,0.87248079475075002,0.23784209180827059,0.14172549202139972,figdata/synth/amica_python_synthetic_v1_mixed/synth_noise_eog_seed-0606_picard.json,705282409ee4685b09a270643ff4d0e4fb6abde3e86de1bc4d7c8081adbe2993
Heterogeneous mixture,noise_eog,FastICA,707,5000,0.90450521960788277,0.28619766157591398,0.13639820894980315,figdata/synth/amica_python_synthetic_v1_mixed/synth_noise_eog_seed-0707_fastica.json,a461aba415269cb477a71b57ceaf393f11f6568bdc778db7503c6e91a5f5ea35
Heterogeneous mixture,noise_eog,Infomax,707,5000,0.8698615889819199,0.18633024101410145,0.16189191676668474,figdata/synth/amica_python_synthetic_v1_mixed/synth_noise_eog_seed-0707_infomax.json,c7f23a98e68f9f6134d1779eda696d6e38ed5cc7f0b500956b5e9d447f812449
Heterogeneous mixture,noise_eog,amica 3k,707,3000,0.87302178249049378,0.22651185366928073,0.13338371816841352,figdata/synth/amica_python_synthetic_v1_mixed/synth_noise_eog_seed-0707_jax_gpu.json,829007b01e58556e226c7b5d1f2520997d10c0eaa08a33617af9164375d7f7bf
Heterogeneous mixture,noise_eog,Picard,707,5000,0.89032804564195112,0.32762699499141401,0.13342745325077432,figdata/synth/amica_python_synthetic_v1_mixed/synth_noise_eog_seed-0707_picard.json,5bfe9100973b580c9143133f56a1b9af7cc8b7e135636d8dbceca0de6a1f504f
Heterogeneous mixture,noise_eog,FastICA,808,5000,0.88980348679239996,0.34592264160938108,0.13514779393909238,figdata/synth/amica_python_synthetic_v1_mixed/synth_noise_eog_seed-0808_fastica.json,56ca830c6e2a3960c2e41b0eed7d54f4cbe7e7392020d813b994d9b51934cfe5
Heterogeneous mixture,noise_eog,Infomax,808,5000,0.82485386245668213,0.23548754336615402,0.16461743029785625,figdata/synth/amica_python_synthetic_v1_mixed/synth_noise_eog_seed-0808_infomax.json,ee7a75e5e651eee806ad8663e47e0d5953a50a10db987ef811a5bc45df44f993
Heterogeneous mixture,noise_eog,amica 3k,808,3000,0.84859225509917768,0.3739065082019436,0.13818491533863259,figdata/synth/amica_python_synthetic_v1_mixed/synth_noise_eog_seed-0808_jax_gpu.json,96fadf8211737a55815ea82a09d36b48a239d260ea19ecbe58ebf9015c06ab52
Heterogeneous mixture,noise_eog,Picard,808,5000,0.87357313619828436,0.32385017096342816,0.14876975021705777,figdata/synth/amica_python_synthetic_v1_mixed/synth_noise_eog_seed-0808_picard.json,93c54658ba9f9bd2c2de21ee8034c4d91eadb3ffeb14d5bc1b80988bf85ff9a9
Heterogeneous mixture,noise_eog,FastICA,909,5000,0.90187381763798025,0.43559776855597421,0.12768101764415418,figdata/synth/amica_python_synthetic_v1_mixed/synth_noise_eog_seed-0909_fastica.json,472a44b41c262a338dcdd6c2bcf852ff03880a21d5b3e2bdb7efdb0b35b1176b
Heterogeneous mixture,noise_eog,Infomax,909,5000,0.83890469576528115,0.30339929831457202,0.17796047323769826,figdata/synth/amica_python_synthetic_v1_mixed/synth_noise_eog_seed-0909_infomax.json,376366876f4ba2cb0056c995cb7cd3da01eb48b52ef951b3d6b25e5e550fc15b
Heterogeneous mixture,noise_eog,amica 3k,909,3000,0.8681454357894538,0.18818186038838641,0.13949808723361334,figdata/synth/amica_python_synthetic_v1_mixed/synth_noise_eog_seed-0909_jax_gpu.json,58de4cedee92fad5f54bba7d6a9bfc6937818cd32652b866ec2263b4f9156cfd
Heterogeneous mixture,noise_eog,Picard,909,5000,0.87479830438096218,0.32898819713384642,0.14242243316412387,figdata/synth/amica_python_synthetic_v1_mixed/synth_noise_eog_seed-0909_picard.json,665f60dd73801d477e8897d54a93d4defd18f1c576bf635c7b9be6496d3e1005
Heterogeneous mixture,noise_eog,FastICA,1010,5000,0.88130755381307135,0.49668496937498002,0.14637981387909144,figdata/synth/amica_python_synthetic_v1_mixed/synth_noise_eog_seed-1010_fastica.json,672c0694dcd7b39aac5a31c9dc6c81493e81bfa191f3d21319e3f74acbbc22e4
Heterogeneous mixture,noise_eog,Infomax,1010,5000,0.83777942953757756,0.32997576059136013,0.17793181406072467,figdata/synth/amica_python_synthetic_v1_mixed/synth_noise_eog_seed-1010_infomax.json,2e0ca4c005995a84be9e914a78ece6ef3ba747004111e38ae4c5923ff46493ea
Heterogeneous mixture,noise_eog,amica 3k,1010,3000,0.83161494326792873,0.16643870676684483,0.16694620716683203,figdata/synth/amica_python_synthetic_v1_mixed/synth_noise_eog_seed-1010_jax_gpu.json,0eea93666009eb1f0aaa7dbedd8099b9d20ff7fe47b861def44c4c2a5602c985
Heterogeneous mixture,noise_eog,Picard,1010,5000,0.8401275862286991,0.27591425213396692,0.1528297401040693,figdata/synth/amica_python_synthetic_v1_mixed/synth_noise_eog_seed-1010_picard.json,05d7fd385a5f14f8f16c7a82e2859b36c56db243615797984924043435ded751
Heterogeneous mixture,noise,FastICA,101,5000,0.93006889646012092,0.64059607862850232,0.12570115871292958,figdata/synth/amica_python_synthetic_v1_mixed/synth_noise_seed-0101_fastica.json,f5eebba832ab94778073d7805688ef31509cb275f40e99ca0fe05362e4e93ded
Heterogeneous mixture,noise,Infomax,101,5000,0.81492478927755974,0.26184282817575422,0.17499104255396339,figdata/synth/amica_python_synthetic_v1_mixed/synth_noise_seed-0101_infomax.json,56bd4cf263d38a34455957bebd57abca32e49dd11061d763801e79d1f84f70a2
Heterogeneous mixture,noise,amica 3k,101,3000,0.80144569963923351,0.21748917183299132,0.18654397316894372,figdata/synth/amica_python_synthetic_v1_mixed/synth_noise_seed-0101_jax_gpu.json,966a4195d9a702f4b2f0516d75d2cefd42eae2619f023e9ac6222141d0ae8c62
Heterogeneous mixture,noise,Picard,101,5000,0.87824267601157591,0.34616255927234485,0.13737529535116577,figdata/synth/amica_python_synthetic_v1_mixed/synth_noise_seed-0101_picard.json,d12c3eb22bd5c51f21e594dbcb5b653c8d71852e1dd41d112b948ffba629b07a
Heterogeneous mixture,noise,FastICA,202,5000,0.92432282456132531,0.37218555962764227,0.14074727796309811,figdata/synth/amica_python_synthetic_v1_mixed/synth_noise_seed-0202_fastica.json,9f7e20cea0177af5dcff1a2ab4323c39665aa84ceedcd820772b9243eb82e4fa
Heterogeneous mixture,noise,Infomax,202,5000,0.82089698939274003,0.20942311686885151,0.19559076418537552,figdata/synth/amica_python_synthetic_v1_mixed/synth_noise_seed-0202_infomax.json,ab318297294b14a0e4bb984de04f7ecf61f51021e3a86430cadf27a837ebbbe5
Heterogeneous mixture,noise,amica 3k,202,3000,0.78316379085342769,0.19835152137507334,0.18278721757364286,figdata/synth/amica_python_synthetic_v1_mixed/synth_noise_seed-0202_jax_gpu.json,b1dd4129a563e93b4f6560ca6a4e7503697811257ee4f800e2d7e8ed2efd1ff7
Heterogeneous mixture,noise,Picard,202,5000,0.91758497650654514,0.3850447706389124,0.14448943851689611,figdata/synth/amica_python_synthetic_v1_mixed/synth_noise_seed-0202_picard.json,24eae670d933123dc61e4c44f22f1c2b960454757179c3631728c551c88b9142
Heterogeneous mixture,noise,FastICA,303,5000,0.84972579453541108,0.35029334557829583,0.14867479929166472,figdata/synth/amica_python_synthetic_v1_mixed/synth_noise_seed-0303_fastica.json,535bdc7889a7cc15e58d5c901652c1920d2c8995d83b69b59e51613a6c745985
Heterogeneous mixture,noise,Infomax,303,5000,0.85949350946852876,0.24381955613524015,0.17737772395957127,figdata/synth/amica_python_synthetic_v1_mixed/synth_noise_seed-0303_infomax.json,26305c2f0108227ceca0830e35f15212db75f05d4871f9eb8d94920dfc923c23
Heterogeneous mixture,noise,amica 3k,303,3000,0.81772027743971387,0.2072688399902097,0.17807173446758301,figdata/synth/amica_python_synthetic_v1_mixed/synth_noise_seed-0303_jax_gpu.json,398e9292a65b59413e219dadacaa6de11dfde077d8ecad5acc4c3117ed5ec925
Heterogeneous mixture,noise,Picard,303,5000,0.8204511345452915,0.32596139278209324,0.16536515967490831,figdata/synth/amica_python_synthetic_v1_mixed/synth_noise_seed-0303_picard.json,a4430eb6f4f86320a97319bb2f7094118776f91e6e4e1cd22156bddf45b9b888
Heterogeneous mixture,noise,FastICA,404,5000,0.89015928024498692,0.22633677193695034,0.15920224866520333,figdata/synth/amica_python_synthetic_v1_mixed/synth_noise_seed-0404_fastica.json,cac752414a5e6975390310632d30950aeb60d8569ec9d90515ea70caf81fb1cd
Heterogeneous mixture,noise,Infomax,404,5000,0.82336304191337606,0.19635908477766406,0.20104231921485188,figdata/synth/amica_python_synthetic_v1_mixed/synth_noise_seed-0404_infomax.json,1823ee1b707681d113df5b937ab8701f6bb8131b459b2bf7cca2a399613db7c9
Heterogeneous mixture,noise,amica 3k,404,3000,0.73092519565678049,0.16666714060629495,0.17729203174791267,figdata/synth/amica_python_synthetic_v1_mixed/synth_noise_seed-0404_jax_gpu.json,6d9f2189b7b751e74c590d8e5360ee46814460be062f5f87b516715c617b63a0
Heterogeneous mixture,noise,Picard,404,5000,0.88855595600113468,0.32348458697437216,0.15481860485171625,figdata/synth/amica_python_synthetic_v1_mixed/synth_noise_seed-0404_picard.json,a7756a8281338b61be49159a9d1955ec85fa3c7702dc44b1888e80f1ceadc2df
Heterogeneous mixture,noise,FastICA,505,5000,0.83987746250196715,0.41001539221157002,0.12737401911339374,figdata/synth/amica_python_synthetic_v1_mixed/synth_noise_seed-0505_fastica.json,34b2511bd2fa0919c216b1ed12175f8e61d9af3dc5df74c567b7a577fb6c6c9b
Heterogeneous mixture,noise,Infomax,505,5000,0.7967773966980497,0.17230410064824792,0.17651840973236305,figdata/synth/amica_python_synthetic_v1_mixed/synth_noise_seed-0505_infomax.json,a7ef2dda5fb1feb477619c22395c3534999b5baff881350e18193ca888bcf0f5
Heterogeneous mixture,noise,amica 3k,505,3000,0.73939883141153084,0.15013798247581001,0.18572873731081802,figdata/synth/amica_python_synthetic_v1_mixed/synth_noise_seed-0505_jax_gpu.json,c9417ee5bf3ed672ec9fc48abee703cd387a6ffb5027f8d4975b683e1bf6b48c
Heterogeneous mixture,noise,Picard,505,5000,0.84485185632227744,0.33395533180838849,0.15534682565581293,figdata/synth/amica_python_synthetic_v1_mixed/synth_noise_seed-0505_picard.json,e284023d7ea80a4279db7af61c35c72c847b287ba2baa81875e1d099b030a159
Heterogeneous mixture,noise,FastICA,606,5000,0.91153126151692343,0.58522636668383088,0.12998635663366279,figdata/synth/amica_python_synthetic_v1_mixed/synth_noise_seed-0606_fastica.json,810c52d0f2f130ef50c4a2cc0709d89e4df0ebd201d6996d9a9539aba4b37d16
Heterogeneous mixture,noise,Infomax,606,5000,0.84924971821478124,0.22352425345596494,0.19048115602949806,figdata/synth/amica_python_synthetic_v1_mixed/synth_noise_seed-0606_infomax.json,2e39687a278c13833be30b7627594c99fa09df77f6c5e06d7063931ae9b5ce67
Heterogeneous mixture,noise,amica 3k,606,3000,0.85971331178484034,0.35261217848114501,0.14038344757829546,figdata/synth/amica_python_synthetic_v1_mixed/synth_noise_seed-0606_jax_gpu.json,cb4e5e1d1a4072608b4b7657ae87c2f8c5a2490e24a694a4e66b3579785232b2
Heterogeneous mixture,noise,Picard,606,5000,0.88966000697431902,0.40207459682200569,0.13427314526035478,figdata/synth/amica_python_synthetic_v1_mixed/synth_noise_seed-0606_picard.json,29495b699c00331b24ecb25e125e796ee6842880bc347f88b48fe496b322111b
Heterogeneous mixture,noise,FastICA,707,5000,0.88834853381106949,0.2186067311066969,0.14564944761349502,figdata/synth/amica_python_synthetic_v1_mixed/synth_noise_seed-0707_fastica.json,72854b38e6287eb68b1891e16ba54fdf4337bf1501b3f8d7d29b1b14cc024426
Heterogeneous mixture,noise,Infomax,707,5000,0.84373017623828606,0.19974188134762799,0.17382905944864391,figdata/synth/amica_python_synthetic_v1_mixed/synth_noise_seed-0707_infomax.json,59e5168ed06a3593cfddd3fd5b91e22afaf60b8bc391fa35fa54ba8c58b4f0fd
Heterogeneous mixture,noise,amica 3k,707,3000,0.90026493572849819,0.13167514226857291,0.13910565077666642,figdata/synth/amica_python_synthetic_v1_mixed/synth_noise_seed-0707_jax_gpu.json,c1c807c776a1f1e88d2daece492b889dd8c1dc8431ae8ec9c24813a01bb69ee0
Heterogeneous mixture,noise,Picard,707,5000,0.86272764217513409,0.29912922137992493,0.15039826544459411,figdata/synth/amica_python_synthetic_v1_mixed/synth_noise_seed-0707_picard.json,15a6d5af7c8ed30953f97509b1dd275557e081f9869c156058c48c1ede4ab820
Heterogeneous mixture,noise,FastICA,808,5000,0.91944708731017655,0.60282299553324736,0.13511510899254828,figdata/synth/amica_python_synthetic_v1_mixed/synth_noise_seed-0808_fastica.json,a43197b22eb5003a534c534057404f9c19dc868febaefae12589595b95f09508
Heterogeneous mixture,noise,Infomax,808,5000,0.8344938470901071,0.24041172581322337,0.14909203141305655,figdata/synth/amica_python_synthetic_v1_mixed/synth_noise_seed-0808_infomax.json,9557ed4ce96b9978c1319455625299bfda7b799dfa2a8bf501d6993df26f406c
Heterogeneous mixture,noise,amica 3k,808,3000,0.84003458618103477,0.22951706788136439,0.17543392829659413,figdata/synth/amica_python_synthetic_v1_mixed/synth_noise_seed-0808_jax_gpu.json,442871c6e2224bde216f2d466db49b5797345ae7774e3db3799119748faf3df7
Heterogeneous mixture,noise,Picard,808,5000,0.92190542270932674,0.47932755831945151,0.138946345461468,figdata/synth/amica_python_synthetic_v1_mixed/synth_noise_seed-0808_picard.json,977065b7e5e690e5617869140d012450f78ee70fbca5df8cc0e4a805118d31cf
Heterogeneous mixture,noise,FastICA,909,5000,0.90973954710209726,0.37746098292409291,0.14236121883485586,figdata/synth/amica_python_synthetic_v1_mixed/synth_noise_seed-0909_fastica.json,4c3c81a09fc42bd5bf252523d8074cbe81880816672a7654df3eee06ed585ea8
Heterogeneous mixture,noise,Infomax,909,5000,0.87460013742077081,0.36397098364069935,0.17646095063707409,figdata/synth/amica_python_synthetic_v1_mixed/synth_noise_seed-0909_infomax.json,d5a6cf39423f74ae8cf48628e7ef657a8dc52b825c807806dfddb733d08c4230
Heterogeneous mixture,noise,amica 3k,909,3000,0.80291140821928919,0.31932202151400735,0.1342852493473885,figdata/synth/amica_python_synthetic_v1_mixed/synth_noise_seed-0909_jax_gpu.json,e6b6da535c5f92b30b9934ecc6beb1b05296937374a8083c7de419c774459cac
Heterogeneous mixture,noise,Picard,909,5000,0.86680559873972385,0.30017048867758378,0.14367743913364805,figdata/synth/amica_python_synthetic_v1_mixed/synth_noise_seed-0909_picard.json,3f5d3a5648863796a2f5527d83c49d489c68365235b75ee0fffe6c00deb548f6
Heterogeneous mixture,noise,FastICA,1010,5000,0.88988852503547444,0.53893553593951915,0.13164200476145754,figdata/synth/amica_python_synthetic_v1_mixed/synth_noise_seed-1010_fastica.json,d3f75e2c2b832d61d95834d37282a86ed5b7796ed4b384e77d5547080a3c21e4
Heterogeneous mixture,noise,Infomax,1010,5000,0.82977723018835281,0.24837721561587872,0.16704754348072104,figdata/synth/amica_python_synthetic_v1_mixed/synth_noise_seed-1010_infomax.json,6af7e717894b4055820bca5bad46395020232c086121e5b9dc31edd7468a5342
Heterogeneous mixture,noise,amica 3k,1010,3000,0.80684944660680835,0.17939885578376713,0.19122798510749395,figdata/synth/amica_python_synthetic_v1_mixed/synth_noise_seed-1010_jax_gpu.json,faeaf17f196a7522ed7e3f337454960f69bb8cea42bcdcd19dd084f2210fa8d4
Heterogeneous mixture,noise,Picard,1010,5000,0.85622140270103608,0.30529505273797047,0.15638240264719316,figdata/synth/amica_python_synthetic_v1_mixed/synth_noise_seed-1010_picard.json,41656e260b75268f4776cfe92f3405cbc5b39973296564717469e5faa8a2d66f
Heterogeneous mixture,clean,amica 10k,101,10000,0.9857490313850068,0.96183547748374698,0.055441526708518721,figdata/synth/amica_python_synthetic_v1_mixed_amica10k/synth_clean_seed-0101_jax_gpu.json,b5783290dfa3aa74ed591bd918cc06c6d7dda7fb915aabce78a9c9035edee2ee
Heterogeneous mixture,clean,amica 10k,202,10000,0.9665767368999294,0.93203118125828133,0.068397676960397058,figdata/synth/amica_python_synthetic_v1_mixed_amica10k/synth_clean_seed-0202_jax_gpu.json,c1d53b248c878e66891cd15d225cf53d145c51fc2ddf2ccac53470681197995d
Heterogeneous mixture,clean,amica 10k,303,10000,0.9916379486414999,0.98803804686872121,0.053292497749403457,figdata/synth/amica_python_synthetic_v1_mixed_amica10k/synth_clean_seed-0303_jax_gpu.json,28f51aa0a2a7e9fe36a3e6972ae7c6eee76f63cef204fcaf3ddc26237ef15c22
Heterogeneous mixture,clean,amica 10k,404,10000,0.94043612618958639,0.72033405400735373,0.071004101733229685,figdata/synth/amica_python_synthetic_v1_mixed_amica10k/synth_clean_seed-0404_jax_gpu.json,48e61956011a240c3f5488dc8272bfcb5c21c05adb46b925039714ba6bd3b427
Heterogeneous mixture,clean,amica 10k,505,10000,0.99042337067925579,0.96451532624378356,0.060443544697908649,figdata/synth/amica_python_synthetic_v1_mixed_amica10k/synth_clean_seed-0505_jax_gpu.json,ec578f3fd7164b51b32c0b48e09d4ac6cd0a192862f69e41f020d3272b1f27c9
Heterogeneous mixture,clean,amica 10k,606,10000,0.98922821753312273,0.98081468926270765,0.072321040240528531,figdata/synth/amica_python_synthetic_v1_mixed_amica10k/synth_clean_seed-0606_jax_gpu.json,92c311e7e0063646d77b3cff065d8a69ab4ce143e393d6109abfc81aec768235
Heterogeneous mixture,clean,amica 10k,707,10000,0.98939100762641696,0.97786603889214252,0.062973219099100392,figdata/synth/amica_python_synthetic_v1_mixed_amica10k/synth_clean_seed-0707_jax_gpu.json,4519d8a5d2b0181e25f69634bfe1650610c0bdabcdf205a5f154380045673ffb
Heterogeneous mixture,clean,amica 10k,808,10000,0.99160811214753164,0.98791186094619587,0.046940449695878732,figdata/synth/amica_python_synthetic_v1_mixed_amica10k/synth_clean_seed-0808_jax_gpu.json,801991135b43d6078ac5eff264420dac1c3a802d6e362c536035388923928a87
Heterogeneous mixture,clean,amica 10k,909,10000,0.98811480330934454,0.97507751524400055,0.05901583804469443,figdata/synth/amica_python_synthetic_v1_mixed_amica10k/synth_clean_seed-0909_jax_gpu.json,d6a65854dc1e1fcb15ea20afcc4fd2ee63bbd5cf569690db5af067973c04a47b
Heterogeneous mixture,clean,amica 10k,1010,10000,0.9517053953025385,0.96023012639961181,0.07780755369420933,figdata/synth/amica_python_synthetic_v1_mixed_amica10k/synth_clean_seed-1010_jax_gpu.json,5a0b00c4745d55bdbe2f8a82598af5330736f141def9ca0696c6b7dbd3b07279
Heterogeneous mixture,noise_eog,amica 10k,101,10000,0.81182395688456654,0.20696199714168012,0.166255236458065,figdata/synth/amica_python_synthetic_v1_mixed_amica10k/synth_noise_eog_seed-0101_jax_gpu.json,34aa50aff0c783ce4a017c438e0c53b0792a8753de450d07e4e23a2f587dc6f3
Heterogeneous mixture,noise_eog,amica 10k,202,10000,0.80055028047274268,0.22958176640692898,0.17758682119752417,figdata/synth/amica_python_synthetic_v1_mixed_amica10k/synth_noise_eog_seed-0202_jax_gpu.json,a8cdf0425d9a1d468afaa85a06dbb133c096643ec26ac5dd957bb566191faef7
Heterogeneous mixture,noise_eog,amica 10k,303,10000,0.79224586922563689,0.13805098153335654,0.16940871213711187,figdata/synth/amica_python_synthetic_v1_mixed_amica10k/synth_noise_eog_seed-0303_jax_gpu.json,82e371694246a579db912b8c3e89fb019a9e3713f975b08624a5a725cf0b6d75
Heterogeneous mixture,noise_eog,amica 10k,404,10000,0.77994848598451605,0.17326820021380257,0.17214162472901018,figdata/synth/amica_python_synthetic_v1_mixed_amica10k/synth_noise_eog_seed-0404_jax_gpu.json,82595aaad4ea181e0221a1d675116f3366d853262082f8c8f7932bbe0531d744
Heterogeneous mixture,noise_eog,amica 10k,505,10000,0.80640078899554457,0.24393244262307415,0.16765318666181619,figdata/synth/amica_python_synthetic_v1_mixed_amica10k/synth_noise_eog_seed-0505_jax_gpu.json,7ed5af444b1176eef383b727a68b03c465ea0348f6a669a9ef2eae4ff10b6dbe
Heterogeneous mixture,noise_eog,amica 10k,606,10000,0.86101983628457335,0.42724151022700801,0.1403711339970134,figdata/synth/amica_python_synthetic_v1_mixed_amica10k/synth_noise_eog_seed-0606_jax_gpu.json,1c3cbd105e5b9f17645d50be3fb0719893f0dd5a977398852960ac9f7b0a6104
Heterogeneous mixture,noise_eog,amica 10k,707,10000,0.85558211499007841,0.19840759769716179,0.13725352815796257,figdata/synth/amica_python_synthetic_v1_mixed_amica10k/synth_noise_eog_seed-0707_jax_gpu.json,4df59eb6c7a9b8a88be6bbed58ce34d5854cb7b66c5c9b33aded7e5f4ed16a5b
Heterogeneous mixture,noise_eog,amica 10k,808,10000,0.87048013728252882,0.35624207349450276,0.1438999000594407,figdata/synth/amica_python_synthetic_v1_mixed_amica10k/synth_noise_eog_seed-0808_jax_gpu.json,ad3e5c9dd59831ab3f635fe820b65284b7791d9e4f87f4a1ce45b75e56d760bf
Heterogeneous mixture,noise_eog,amica 10k,909,10000,0.86438665976953466,0.20479639753437573,0.1329038080623744,figdata/synth/amica_python_synthetic_v1_mixed_amica10k/synth_noise_eog_seed-0909_jax_gpu.json,cc5d06ea76e2ac40f442d462557ff60b588c24b4b19d4ab49bf073967aed7054
Heterogeneous mixture,noise_eog,amica 10k,1010,10000,0.87033449435019394,0.21178909915130678,0.15248531687971689,figdata/synth/amica_python_synthetic_v1_mixed_amica10k/synth_noise_eog_seed-1010_jax_gpu.json,8438019f45af55a48ae7660a7088bddcc709c36cb3a956a0e32074f1c6c3c4aa
Heterogeneous mixture,noise,amica 10k,101,10000,0.85659307525556794,0.25096929158620213,0.1690833301520977,figdata/synth/amica_python_synthetic_v1_mixed_amica10k/synth_noise_seed-0101_jax_gpu.json,458df3a70b6d3907aebb8c22e1279ed1bb7a6901dee58f793cb6229ac8c7f4a1
Heterogeneous mixture,noise,amica 10k,202,10000,0.83142291780206712,0.15976353595157516,0.17832841017388398,figdata/synth/amica_python_synthetic_v1_mixed_amica10k/synth_noise_seed-0202_jax_gpu.json,45f0836944ee3996f42c497c22fee28f3dcfde592dfd028edde4379a94765cd8
Heterogeneous mixture,noise,amica 10k,303,10000,0.79355356772946029,0.2234070810478859,0.16407937443033344,figdata/synth/amica_python_synthetic_v1_mixed_amica10k/synth_noise_seed-0303_jax_gpu.json,90f073645bc18dd60ef7a15368511dd9c81c4b31dcec5ca0e738ca31b0cbeb56
Heterogeneous mixture,noise,amica 10k,404,10000,0.77179888649134087,0.26491877718437912,0.16674942310099505,figdata/synth/amica_python_synthetic_v1_mixed_amica10k/synth_noise_seed-0404_jax_gpu.json,cc11bd44e263b2bd77e89455ae52c294661dfdf36d19eacb5c95dd3f0671a7c3
Heterogeneous mixture,noise,amica 10k,505,10000,0.81532047432847832,0.19485679677545895,0.16693963381677238,figdata/synth/amica_python_synthetic_v1_mixed_amica10k/synth_noise_seed-0505_jax_gpu.json,e10d50a05427f62d533cd66bb73ad63b91a8da9d006cfbfe0cd4b3662eb9c867
Heterogeneous mixture,noise,amica 10k,606,10000,0.87858969443197632,0.17736839626164949,0.14178389457097021,figdata/synth/amica_python_synthetic_v1_mixed_amica10k/synth_noise_seed-0606_jax_gpu.json,739077989bfc533fdae3ca2575d2aa431c87309964b465f0727003b00f5d0f0f
Heterogeneous mixture,noise,amica 10k,707,10000,0.85523457614492437,0.33384326142418785,0.14876657597496759,figdata/synth/amica_python_synthetic_v1_mixed_amica10k/synth_noise_seed-0707_jax_gpu.json,2ee5251019cb8235ebaabc3a9507d331270a2672e46196cb46d94eb57c0d3ff9
Heterogeneous mixture,noise,amica 10k,808,10000,0.849012188617839,0.36037497587595124,0.1410392793592164,figdata/synth/amica_python_synthetic_v1_mixed_amica10k/synth_noise_seed-0808_jax_gpu.json,3d6b552ba954fe3a24b90a29826dc9d1e5b04ff4ac35f533a9582310927588d8
Heterogeneous mixture,noise,amica 10k,909,10000,0.8387626682565994,0.40810635363092207,0.12486530934600493,figdata/synth/amica_python_synthetic_v1_mixed_amica10k/synth_noise_seed-0909_jax_gpu.json,a4d9035432f2e839d328d0f62f56fa07e76520f4e9da6168792b9df5bd880c1e
Heterogeneous mixture,noise,amica 10k,1010,10000,0.84542279933385767,0.23657461007152497,0.17147991542641816,figdata/synth/amica_python_synthetic_v1_mixed_amica10k/synth_noise_seed-1010_jax_gpu.json,3ea03730fb96e28722e55c485b5c5c4578ac22f01bb0c8982a5cd3fb8fee3707
