amica,picard,infomax,fastica,runs,parity,rss_reduction_factor,data_shape,n_comp,max_iter,method,backend,device,runtime_s,n_iter,n_components,n_channels,n_samples,sfreq,hostname,slurm_job_id,dataset,subject,input_file,input_level,loaded_sfreq,annotation_counts,condition_source,condition_events_file,events_to_merged_offset_s,trial_type_counts,condition_counts,event_value_counts,channel_selection,n_loaded_channels,n_amica_input_channels,excluded_noise_channels,excluded_emg_channels,excluded_imu_misc_channels,excluded_none_channels,analysis_sfreq,duration_used_s,filtering,M1_m3_newton,M1_m3_natgrad,M1_m1_newton,_iclean,_config,very_short_data,rank_deficient,outlier_heavy,outlier_no_rejection,near_collinear,single_channel,high_dimensional,newton_with_outliers,synthetic,mne_sample,convergence,parameters
"{'time': 2027.0753710269928, 'n_iter': 200, 'n_components': 60, 'iclabel': {'brain': 4, 'muscle': 0, 'eye': 0, 'heart': 0, 'line_noise': 0, 'channel_noise': 0, 'other': 52, 'brain_50pct': 2, 'brain_70pct': 0}, 'kurtosis': {'brain_like_kurtosis': 0, 'n_components': 60, 'kurtosis_mean': 1936.0131012365862, 'kurtosis_median': 1690.3526758789226, 'kurtosis_values': [16.803750630579206, 4263.433711666247, 201.16543257497275, 2453.1390971706455, 483.88800415774693, 1646.2352353738493, 546.9005110438579, 3527.531554878119, 2128.419602943082, 1825.3957643728172, 3841.971626527608, 1459.8804709078586, 1361.3544203447893, 3012.2159999523487, 3229.0581991329286, 4675.884914818254, 1914.6921575177937, 1219.7726003342818, 5255.4371389085145, 3089.0450974049563, 1588.925097669286, 1035.6855084156757, 3401.4068590721913, 1364.1227285070408, 1696.4250230230502, 2350.7102074589566, 1858.9705447985675, 2172.4498187079876, 2367.902350725742, 1357.5663502830469, 1825.515361726829, 2082.4971695925997, 1085.0604182912064, 2863.2961010916456, 1110.9806834526999, 2515.469261216644, 1890.492212425114, 1423.2137860288356, 4395.458653189998, 1040.666854963226, 1501.2784575618243, 959.4004210941715, 1142.7358892706984, 862.1388873912007, 1708.8396588442715, 2633.379838651569, 1232.2299779908556, 1404.1418843902036, 2284.5884750181353, 1282.0757813293517, 1391.4759516124943, 1684.2803287347951, 2057.1098633217316, 1221.9398376016188, 1951.281540057564, 1377.0579081981266, 1560.789500835175, 1582.592499570145, 1746.136876502783, 998.2722149168513]}, 'reconstruction_error': 4.954779414233568e-15, 'psd_alpha': {'alpha_peaked_ics': 0, 'n_components': 60}, 'mir': {'mir': -339.2626535260053, 'n_components': 60}}","{'time': 908.3114001750946, 'n_iter': 200, 'n_components': 60, 'iclabel': {'brain': 6, 'muscle': 0, 'eye': 0, 'heart': 0, 'line_noise': 0, 'channel_noise': 0, 'other': 44, 'brain_50pct': 4, 'brain_70pct': 3}, 'kurtosis': {'brain_like_kurtosis': 1, 'n_components': 60, 'kurtosis_mean': 10035.999812641714, 'kurtosis_median': 6531.209316536735, 'kurtosis_values': [12.642681454222194, 3.1737832305160802, 9558.411105898756, 51.960646073483765, 24048.651117715945, 225.76862070855515, 1164.0921179983084, 7056.519624669738, 11163.325591284036, 10503.259178095252, 2756.0047378326726, 31225.77974534339, 37792.18615424487, 17820.799329263824, 38028.631753506335, 9426.86858054499, 24074.103990801836, 4835.351848778475, 7106.3443947592195, 23074.259966906393, 25971.438903564173, 58986.50748190639, 4946.493036536938, 11100.054022960141, 3401.8581793039766, 8634.3336506559, 13142.406988285427, 5902.201804454792, 19408.30150628102, 274.01516457903347, 3292.164614144857, 8794.287425053064, 6017.281641095923, 6367.651243658917, 2506.683609401144, 421.87086321643943, 1656.6574048050766, 1428.7251725250087, 10115.20629720657, 7626.584828494519, 7658.425211428391, 4193.787286918012, 4621.461160474504, 7535.754438547562, 6694.767389414552, 5198.717161651394, 23822.40613314506, 4354.730312303406, 2133.727749043081, 1541.8960105736594, 8586.549739626758, 2850.1790170199315, 1812.31138417698, 22155.844504296572, 1175.790404995962, 3235.5249792092786, 19243.982498888807, 7775.3687104669325, 4856.443892862821, 2789.4619662190808]}, 'reconstruction_error': 3.054510428664191e-15, 'psd_alpha': {'alpha_peaked_ics': 0, 'n_components': 60}, 'mir': {'mir': -273.2541882163365, 'n_components': 60}}","{'time': 513.0622751712799, 'n_iter': 200, 'n_components': 60, 'iclabel': {'brain': 9, 'muscle': 0, 'eye': 0, 'heart': 0, 'line_noise': 0, 'channel_noise': 0, 'other': 39, 'brain_50pct': 6, 'brain_70pct': 2}, 'kurtosis': {'brain_like_kurtosis': 1, 'n_components': 60, 'kurtosis_mean': 8937.966856409039, 'kurtosis_median': 6444.266912165627, 'kurtosis_values': [12.699811997117003, 3.6095729794580693, 8084.88595721929, 52.319506237950726, 227.5154432263735, 1107.4413798632424, 20184.7681146377, 7032.160224498317, 2485.9780016891077, 6031.333731508586, 11441.81932334051, 9101.336798261958, 16568.75003669153, 34280.681786010246, 7729.002536254349, 6185.030388615696, 23938.05670650217, 2988.2395049295947, 47760.97375684116, 12017.401135372626, 330.68458127729144, 4477.749019757284, 6569.9958445739885, 8913.962888453223, 4371.126453400491, 25014.180321657594, 21948.86897974692, 5468.610924184303, 6231.990460539456, 22730.47396201911, 3644.526918401998, 17149.77114330019, 2231.645611678391, 796.136769072058, 6838.989124647395, 16536.80597582067, 5068.647124913582, 8602.553865975859, 17371.10738841873, 3397.5758129059877, 9193.025824006992, 5667.841331179824, 2139.3379410880216, 8273.295865016351, 6375.84704553571, 3022.715240895346, 21709.60687423083, 2099.1121282579306, 6512.686778795544, 9245.548765012029, 11011.489153250233, 2934.5791045699148, 3804.5009153502647, 4414.875205738183, 5088.26705796471, 6788.614615288474, 1485.6740808881939, 12945.850840554649, 6854.716683353869, 1781.0190461437337]}, 'reconstruction_error': 8.659724741015225e-15, 'psd_alpha': {'alpha_peaked_ics': 0, 'n_components': 60}, 'mir': {'mir': -411.58406432627703, 'n_components': 60}}","{'time': 233.9634644985199, 'n_iter': 134, 'n_components': 60, 'iclabel': {'brain': 4, 'muscle': 0, 'eye': 0, 'heart': 0, 'line_noise': 0, 'channel_noise': 0, 'other': 48, 'brain_50pct': 4, 'brain_70pct': 1}, 'kurtosis': {'brain_like_kurtosis': 1, 'n_components': 60, 'kurtosis_mean': 5160.358069656683, 'kurtosis_median': 3916.3838492601803, 'kurtosis_values': [12.642761100557053, 3.1785698729811243, 51.95917695059025, 7485.768485477847, 225.83234131164016, 1164.4918600653143, 8804.359435467006, 11407.063593252791, 5357.7441217086825, 2818.270327435336, 10054.395118902818, 2296.8059863579374, 23417.618383762332, 5552.1867521976255, 11473.057428922993, 20923.216312618442, 6676.022188695429, 21302.70491505764, 3106.2778144340677, 5340.013622618758, 4989.018098991798, 5700.685968986968, 3970.655483392817, 2963.9951112431427, 4981.489256450902, 8285.00386027985, 4583.248693681029, 273.7421759909501, 4351.086852125861, 6230.437790043278, 3666.901186097079, 2424.871941517441, 3091.0860745250957, 7514.0359943271915, 1586.3879912901994, 4531.807061620114, 3235.4784097090287, 421.2557644600152, 2716.9199222263583, 2445.8813220839975, 6244.403806385102, 3138.168965373353, 3264.0597371813215, 1046.120592362384, 3862.1122151275435, 4963.469459903913, 3148.6024359692365, 3331.08218800871, 7871.940047361274, 4222.162206063766, 2112.3096167113085, 9981.439689992527, 6819.164572155237, 4408.236164770037, 1574.4876590042536, 9471.661943693209, 2078.2303729058126, 1260.2212869562672, 3499.5735630682934, 1886.439501153598]}, 'reconstruction_error': 2.5613419967914605e-15, 'psd_alpha': {'alpha_peaked_ics': 0, 'n_components': 60}, 'mir': {'mir': -280.7724966430285, 'n_components': 60}}",,,,,,,,,,,,,,,,,,,,,,,,,,,,,,,,,,,,,,,,,,,,,,,,,,,,,,,,
,,,,"[{'chunk_size': None, 'wall_s': 1562.5642080307007, 'peak_rss_gb': 14.722965240478516, 'n_iter': 100, 'final_ll': 8.025467612081169}, {'chunk_size': 1024, 'wall_s': 1320.5565345287323, 'peak_rss_gb': 14.722965240478516, 'n_iter': 100, 'final_ll': 8.005901227010966}]","{'W_rel_err': 0.30184821977021176, 'll_diff': 0.019566385070202585}",1.0,"[118, 1206350]",60.0,100.0,,,,,,,,,,,,,,,,,,,,,,,,,,,,,,,,,,,,,,,,,,,,,,,,,,
,,,,,,,,,,amica,jax,gpu,63.69645541196223,500.0,64.0,120.0,785328.0,250.0,fc10116,40596263,ds004505,sub-01,/project/rrg-kjerbi/datasets/openneuro/ds004505/raw_bids/sub-01/eeg/sub-01_task-TableTennis_eeg.set,bids_eeglab,250.0,"{'M 1': 516, 'boundary': 10, 'Subject_hit': 1104, 'Subject_receive': 633}",events_tsv,/project/rrg-kjerbi/datasets/openneuro/ds004505/raw_bids/sub-01/eeg/sub-01_task-TableTennis_events.tsv,0.0,"{'STATUS': 66, 'moving_serve': 375, 'stationary_serve': 270, 'cooperative': 1136, 'competitive': 417}","{'moving': 375, 'stationary': 270, 'cooperative': 1136, 'competitive': 417}","{'boundary': 11, 'M 1': 516, 'Subject_hit': 1104, 'Subject_receive': 633}",scalp_eeg_only_excluding_noise_emg_imu_none,270.0,120.0,120.0,8.0,22.0,0.0,250.0,3141.312,MNE FIR 1-100 Hz + 60 Hz notch,,,,,,,,,,,,,,,,,
,,,,,,,,,,amica,jax,gpu,72.65501808596309,500.0,64.0,120.0,1364633.0,250.0,fc10116,40596264,ds004505,sub-02,/project/rrg-kjerbi/datasets/openneuro/ds004505/raw_bids/sub-02/eeg/sub-02_task-TableTennis_eeg.set,bids_eeglab,250.0,"{'M 1': 1030, 'boundary': 20, 'Subject_hit': 2259, 'Subject_receive': 1102}",events_tsv,/project/rrg-kjerbi/datasets/openneuro/ds004505/raw_bids/sub-02/eeg/sub-02_task-TableTennis_events.tsv,0.0,"{'STATUS': 83, 'stationary_serve': 823, 'moving_serve': 811, 'cooperative': 1587, 'competitive': 1108}","{'stationary': 823, 'moving': 811, 'cooperative': 1587, 'competitive': 1108}","{'boundary': 21, 'M 1': 1030, 'Subject_hit': 2259, 'Subject_receive': 1102}",scalp_eeg_only_excluding_noise_emg_imu_none,270.0,120.0,120.0,8.0,22.0,0.0,250.0,5458.532,MNE FIR 1-100 Hz + 60 Hz notch,,,,,,,,,,,,,,,,,
,,,,,,,,,,amica,jax,gpu,71.5858045850182,500.0,64.0,120.0,1099796.0,250.0,fc10116,40596265,ds004505,sub-03,/project/rrg-kjerbi/datasets/openneuro/ds004505/raw_bids/sub-03/eeg/sub-03_task-TableTennis_eeg.set,bids_eeglab,250.0,"{'M 1': 775, 'boundary': 16, 'Subject_hit': 1658, 'Subject_receive': 870}",events_tsv,/project/rrg-kjerbi/datasets/openneuro/ds004505/raw_bids/sub-03/eeg/sub-03_task-TableTennis_events.tsv,0.0,"{'STATUS': 75, 'stationary_serve': 599, 'moving_serve': 593, 'cooperative': 1248, 'competitive': 805}","{'stationary': 599, 'moving': 593, 'cooperative': 1248, 'competitive': 805}","{'boundary': 17, 'M 1': 775, 'Subject_hit': 1658, 'Subject_receive': 870}",scalp_eeg_only_excluding_noise_emg_imu_none,270.0,120.0,120.0,8.0,22.0,0.0,250.0,4399.184,MNE FIR 1-100 Hz + 60 Hz notch,,,,,,,,,,,,,,,,,
,,,,,,,,,,amica,jax,gpu,37.00423524796497,500.0,64.0,120.0,1057036.0,250.0,fc10505,40597116,ds004505,sub-04,/project/rrg-kjerbi/datasets/openneuro/ds004505/raw_bids/sub-04/eeg/sub-04_task-TableTennis_eeg.set,bids_eeglab,250.0,"{'M 1': 520, 'boundary': 10, 'Subject_receive': 680, 'Subject_hit': 1091}",events_tsv,/project/rrg-kjerbi/datasets/openneuro/ds004505/raw_bids/sub-04/eeg/sub-04_task-TableTennis_events.tsv,0.0,"{'STATUS': 70, 'cooperative': 1116, 'moving_serve': 304, 'stationary_serve': 307, 'competitive': 505}","{'cooperative': 1116, 'moving': 304, 'stationary': 307, 'competitive': 505}","{'boundary': 11, 'M 1': 520, 'Subject_receive': 680, 'Subject_hit': 1091}",scalp_eeg_only_excluding_noise_emg_imu_none,270.0,120.0,120.0,8.0,22.0,0.0,250.0,4228.144,MNE FIR 1-100 Hz + 60 Hz notch,,,,,,,,,,,,,,,,,
,,,,,,,,,,amica,jax,gpu,35.75461035902845,500.0,64.0,120.0,1038926.0,250.0,fc10505,40597248,ds004505,sub-05,/project/rrg-kjerbi/datasets/openneuro/ds004505/raw_bids/sub-05/eeg/sub-05_task-TableTennis_eeg.set,bids_eeglab,250.0,"{'M 1': 763, 'boundary': 16, 'Subject_receive': 721, 'Subject_hit': 1591}",events_tsv,/project/rrg-kjerbi/datasets/openneuro/ds004505/raw_bids/sub-05/eeg/sub-05_task-TableTennis_events.tsv,0.0,"{'STATUS': 76, 'cooperative': 1083, 'moving_serve': 282, 'stationary_serve': 301, 'competitive': 778, 'moving_hit': 289, 'stationary_hit': 283}","{'cooperative': 1083, 'moving': 571, 'stationary': 584, 'competitive': 778}","{'boundary': 17, 'M 1': 763, 'Subject_receive': 721, 'Subject_hit': 1591}",scalp_eeg_only_excluding_noise_emg_imu_none,313.0,120.0,120.0,8.0,65.0,0.0,250.0,4155.704,MNE FIR 1-100 Hz + 60 Hz notch,,,,,,,,,,,,,,,,,
,,,,,,,,,,amica,jax,gpu,36.42722411599243,500.0,64.0,120.0,1042909.0,250.0,fc10420,40597255,ds004505,sub-06,/project/rrg-kjerbi/datasets/openneuro/ds004505/raw_bids/sub-06/eeg/sub-06_task-TableTennis_eeg.set,bids_eeglab,250.0,"{'M 1': 758, 'boundary': 16, 'Subject_receive': 762, 'Subject_hit': 1511}",events_tsv,/project/rrg-kjerbi/datasets/openneuro/ds004505/raw_bids/sub-06/eeg/sub-06_task-TableTennis_events.tsv,0.0,"{'STATUS': 76, 'competitive': 722, 'stationary_hit': 280, 'moving_hit': 274, 'cooperative': 1148, 'moving_serve': 271, 'stationary_serve': 277}","{'competitive': 722, 'stationary': 557, 'moving': 545, 'cooperative': 1148}","{'boundary': 17, 'M 1': 758, 'Subject_receive': 762, 'Subject_hit': 1511}",scalp_eeg_only_excluding_noise_emg_imu_none,313.0,120.0,120.0,8.0,65.0,0.0,250.0,4171.636,MNE FIR 1-100 Hz + 60 Hz notch,,,,,,,,,,,,,,,,,
,,,,,,,,,,amica,jax,gpu,39.30939309298992,500.0,64.0,120.0,1174503.0,250.0,fc10505,40597261,ds004505,sub-07,/project/rrg-kjerbi/datasets/openneuro/ds004505/raw_bids/sub-07/eeg/sub-07_task-TableTennis_eeg.set,bids_eeglab,250.0,"{'M 1': 764, 'boundary': 17, 'Subject_receive': 706, 'Subject_hit': 1575}",events_tsv,/project/rrg-kjerbi/datasets/openneuro/ds004505/raw_bids/sub-07/eeg/sub-07_task-TableTennis_events.tsv,0.0,"{'STATUS': 78, 'cooperative': 1103, 'stationary_serve': 285, 'moving_serve': 292, 'stationary_hit': 297, 'moving_hit': 297, 'competitive': 711}","{'cooperative': 1103, 'stationary': 582, 'moving': 589, 'competitive': 711}","{'boundary': 18, 'M 1': 764, 'Subject_receive': 706, 'Subject_hit': 1575}",scalp_eeg_only_excluding_noise_emg_imu_none,299.0,120.0,120.0,8.0,51.0,0.0,250.0,4698.012,MNE FIR 1-100 Hz + 60 Hz notch,,,,,,,,,,,,,,,,,
,,,,,,,,,,amica,jax,gpu,39.698133577010594,500.0,64.0,120.0,1159910.0,250.0,fc10420,40597318,ds004505,sub-08,/project/rrg-kjerbi/datasets/openneuro/ds004505/raw_bids/sub-08/eeg/sub-08_task-TableTennis_eeg.set,bids_eeglab,250.0,"{'M 1': 759, 'boundary': 17, 'Subject_hit': 1525, 'Subject_receive': 715}",events_tsv,/project/rrg-kjerbi/datasets/openneuro/ds004505/raw_bids/sub-08/eeg/sub-08_task-TableTennis_events.tsv,0.0,"{'STATUS': 79, 'stationary_hit': 286, 'moving_hit': 289, 'competitive': 732, 'cooperative': 1058, 'stationary_serve': 292, 'moving_serve': 281}","{'stationary': 578, 'moving': 570, 'competitive': 732, 'cooperative': 1058}","{'boundary': 18, 'M 1': 759, 'Subject_hit': 1525, 'Subject_receive': 715}",scalp_eeg_only_excluding_noise_emg_imu_none,299.0,120.0,120.0,8.0,51.0,0.0,250.0,4639.64,MNE FIR 1-100 Hz + 60 Hz notch,,,,,,,,,,,,,,,,,
,,,,,,,,,,amica,jax,gpu,38.462042063998524,500.0,64.0,120.0,1146679.0,250.0,fc10505,40595582,ds004505,sub-09,/project/rrg-kjerbi/datasets/openneuro/ds004505/raw_bids/sub-09/eeg/sub-09_task-TableTennis_eeg.set,bids_eeglab,250.0,"{'M 1': 822, 'boundary': 17, 'Subject_receive': 736, 'Subject_hit': 1403}",events_tsv,/project/rrg-kjerbi/datasets/openneuro/ds004505/raw_bids/sub-09/eeg/sub-09_task-TableTennis_events.tsv,0.0,"{'STATUS': 134, 'cooperative': 1100, 'moving_hit': 274, 'stationary_hit': 266, 'stationary_serve': 273, 'moving_serve': 270, 'competitive': 662}","{'cooperative': 1100, 'moving': 544, 'stationary': 539, 'competitive': 662}","{'boundary': 18, 'M 1': 822, 'Subject_receive': 736, 'Subject_hit': 1403}",scalp_eeg_only_excluding_noise_emg_imu_none,312.0,120.0,120.0,8.0,64.0,0.0,250.0,4586.716,MNE FIR 1-100 Hz + 60 Hz notch,,,,,,,,,,,,,,,,,
,,,,,,,,,,amica,jax,gpu,79.56785063596908,500.0,64.0,120.0,1139466.0,250.0,fc10503,40598266,ds004505,sub-10,/project/rrg-kjerbi/datasets/openneuro/ds004505/raw_bids/sub-10/eeg/sub-10_task-TableTennis_eeg.set,bids_eeglab,250.0,"{'M 1': 821, 'boundary': 17, 'Subject_hit': 1553, 'Subject_receive': 822}",events_tsv,/project/rrg-kjerbi/datasets/openneuro/ds004505/raw_bids/sub-10/eeg/sub-10_task-TableTennis_events.tsv,0.0,"{'STATUS': 135, 'stationary_serve': 275, 'moving_serve': 271, 'competitive': 880, 'moving_hit': 269, 'stationary_hit': 281, 'cooperative': 1103}","{'stationary': 556, 'moving': 540, 'competitive': 880, 'cooperative': 1103}","{'boundary': 18, 'M 1': 821, 'Subject_hit': 1553, 'Subject_receive': 822}",scalp_eeg_only_excluding_noise_emg_imu_none,312.0,120.0,120.0,8.0,64.0,0.0,250.0,4557.864,MNE FIR 1-100 Hz + 60 Hz notch,,,,,,,,,,,,,,,,,
,,,,,,,,,,amica,jax,gpu,78.72152467200067,500.0,64.0,120.0,1104857.0,250.0,fc10409,40598267,ds004505,sub-11,/project/rrg-kjerbi/datasets/openneuro/ds004505/raw_bids/sub-11/eeg/sub-11_task-TableTennis_eeg.set,bids_eeglab,250.0,"{'M 1': 754, 'boundary': 17, 'Subject_receive': 647, 'Subject_hit': 1380}",events_tsv,/project/rrg-kjerbi/datasets/openneuro/ds004505/raw_bids/sub-11/eeg/sub-11_task-TableTennis_events.tsv,0.0,"{'STATUS': 76, 'moving_serve': 275, 'stationary_serve': 274, 'cooperative': 931, 'competitive': 688, 'moving_hit': 278, 'stationary_hit': 277}","{'moving': 553, 'stationary': 551, 'cooperative': 931, 'competitive': 688}","{'boundary': 18, 'M 1': 754, 'Subject_receive': 647, 'Subject_hit': 1380}",scalp_eeg_only_excluding_noise_emg_imu_none,313.0,120.0,120.0,8.0,65.0,0.0,250.0,4419.428,MNE FIR 1-100 Hz + 60 Hz notch,,,,,,,,,,,,,,,,,
,,,,,,,,,,amica,jax,gpu,77.2066610030015,500.0,64.0,120.0,1111932.0,250.0,fc10406,40598268,ds004505,sub-12,/project/rrg-kjerbi/datasets/openneuro/ds004505/raw_bids/sub-12/eeg/sub-12_task-TableTennis_eeg.set,bids_eeglab,250.0,"{'M 1': 804, 'boundary': 17, 'Subject_hit': 1312, 'Subject_receive': 727}",events_tsv,/project/rrg-kjerbi/datasets/openneuro/ds004505/raw_bids/sub-12/eeg/sub-12_task-TableTennis_events.tsv,0.0,"{'STATUS': 131, 'moving_serve': 246, 'stationary_serve': 249, 'competitive': 676, 'cooperative': 1039, 'stationary_hit': 271, 'moving_hit': 249}","{'moving': 495, 'stationary': 520, 'competitive': 676, 'cooperative': 1039}","{'boundary': 18, 'M 1': 804, 'Subject_hit': 1312, 'Subject_receive': 727}",scalp_eeg_only_excluding_noise_emg_imu_none,313.0,120.0,120.0,8.0,65.0,0.0,250.0,4447.728,MNE FIR 1-100 Hz + 60 Hz notch,,,,,,,,,,,,,,,,,
,,,,,,,,,,amica,jax,gpu,78.42740685201716,500.0,64.0,120.0,1120666.0,250.0,fc10407,40598269,ds004505,sub-13,/project/rrg-kjerbi/datasets/openneuro/ds004505/raw_bids/sub-13/eeg/sub-13_task-TableTennis_eeg.set,bids_eeglab,250.0,"{'M 1': 759, 'boundary': 17, 'Subject_receive': 743, 'Subject_hit': 1495}",events_tsv,/project/rrg-kjerbi/datasets/openneuro/ds004505/raw_bids/sub-13/eeg/sub-13_task-TableTennis_events.tsv,0.0,"{'STATUS': 76, 'competitive': 752, 'stationary_serve': 271, 'moving_serve': 272, 'cooperative': 1095, 'stationary_hit': 275, 'moving_hit': 274}","{'competitive': 752, 'stationary': 546, 'moving': 546, 'cooperative': 1095}","{'boundary': 18, 'M 1': 759, 'Subject_receive': 743, 'Subject_hit': 1495}",scalp_eeg_only_excluding_noise_emg_imu_none,313.0,120.0,120.0,8.0,65.0,0.0,250.0,4482.664,MNE FIR 1-100 Hz + 60 Hz notch,,,,,,,,,,,,,,,,,
,,,,,,,,,,amica,jax,gpu,38.37449068197748,500.0,64.0,120.0,1129764.0,250.0,fc10503,40598326,ds004505,sub-14,/project/rrg-kjerbi/datasets/openneuro/ds004505/raw_bids/sub-14/eeg/sub-14_task-TableTennis_eeg.set,bids_eeglab,250.0,"{'M 1': 756, 'boundary': 17, 'Subject_hit': 1422, 'Subject_receive': 693}",events_tsv,/project/rrg-kjerbi/datasets/openneuro/ds004505/raw_bids/sub-14/eeg/sub-14_task-TableTennis_events.tsv,0.0,"{'STATUS': 77, 'moving_hit': 274, 'stationary_hit': 264, 'cooperative': 953, 'competitive': 780, 'stationary_serve': 273, 'moving_serve': 268}","{'moving': 542, 'stationary': 537, 'cooperative': 953, 'competitive': 780}","{'boundary': 18, 'M 1': 756, 'Subject_hit': 1422, 'Subject_receive': 693}",scalp_eeg_only_excluding_noise_emg_imu_none,313.0,120.0,120.0,8.0,65.0,0.0,250.0,4519.056,MNE FIR 1-100 Hz + 60 Hz notch,,,,,,,,,,,,,,,,,
,,,,,,,,,,amica,jax,gpu,37.619225803005975,500.0,64.0,120.0,1105757.0,250.0,fc10409,40598327,ds004505,sub-15,/project/rrg-kjerbi/datasets/openneuro/ds004505/raw_bids/sub-15/eeg/sub-15_task-TableTennis_eeg.set,bids_eeglab,250.0,"{'M 1': 748, 'boundary': 17, 'Subject_hit': 1623, 'Subject_receive': 883}",events_tsv,/project/rrg-kjerbi/datasets/openneuro/ds004505/raw_bids/sub-15/eeg/sub-15_task-TableTennis_events.tsv,0.0,"{'STATUS': 78, 'stationary_hit': 260, 'moving_hit': 250, 'competitive': 899, 'cooperative': 1229, 'stationary_serve': 267, 'moving_serve': 289}","{'stationary': 527, 'moving': 539, 'competitive': 899, 'cooperative': 1229}","{'boundary': 18, 'M 1': 748, 'Subject_hit': 1623, 'Subject_receive': 883}",scalp_eeg_only_excluding_noise_emg_imu_none,313.0,120.0,120.0,8.0,65.0,0.0,250.0,4423.028,MNE FIR 1-100 Hz + 60 Hz notch,,,,,,,,,,,,,,,,,
,,,,,,,,,,amica,jax,gpu,36.38695983000798,500.0,64.0,120.0,1151916.0,250.0,fc10406,40598328,ds004505,sub-16,/project/rrg-kjerbi/datasets/openneuro/ds004505/raw_bids/sub-16/eeg/sub-16_task-TableTennis_eeg.set,bids_eeglab,250.0,"{'M 1': 759, 'boundary': 17, 'Subject_hit': 1475, 'Subject_receive': 701}",events_tsv,/project/rrg-kjerbi/datasets/openneuro/ds004505/raw_bids/sub-16/eeg/sub-16_task-TableTennis_events.tsv,0.0,"{'STATUS': 81, 'moving_serve': 272, 'stationary_serve': 286, 'competitive': 627, 'cooperative': 1147, 'moving_hit': 269, 'stationary_hit': 271}","{'moving': 541, 'stationary': 557, 'competitive': 627, 'cooperative': 1147}","{'boundary': 18, 'M 1': 759, 'Subject_hit': 1475, 'Subject_receive': 701}",scalp_eeg_only_excluding_noise_emg_imu_none,313.0,120.0,120.0,8.0,65.0,0.0,250.0,4607.664,MNE FIR 1-100 Hz + 60 Hz notch,,,,,,,,,,,,,,,,,
,,,,,,,,,,amica,jax,gpu,40.512161647027824,500.0,64.0,120.0,1119559.0,250.0,fc10407,40598329,ds004505,sub-17,/project/rrg-kjerbi/datasets/openneuro/ds004505/raw_bids/sub-17/eeg/sub-17_task-TableTennis_eeg.set,bids_eeglab,250.0,"{'M 1': 758, 'boundary': 17, 'Subject_receive': 700, 'Subject_hit': 1477}",events_tsv,/project/rrg-kjerbi/datasets/openneuro/ds004505/raw_bids/sub-17/eeg/sub-17_task-TableTennis_events.tsv,0.0,"{'STATUS': 76, 'cooperative': 1106, 'stationary_serve': 281, 'moving_serve': 278, 'moving_hit': 269, 'stationary_hit': 280, 'competitive': 663}","{'cooperative': 1106, 'stationary': 561, 'moving': 547, 'competitive': 663}","{'boundary': 18, 'M 1': 758, 'Subject_receive': 700, 'Subject_hit': 1477}",scalp_eeg_only_excluding_noise_emg_imu_none,313.0,120.0,120.0,8.0,65.0,0.0,250.0,4478.236,MNE FIR 1-100 Hz + 60 Hz notch,,,,,,,,,,,,,,,,,
,,,,,,,,,,amica,jax,gpu,40.17938161001075,500.0,64.0,120.0,1155503.0,250.0,fc10503,40598337,ds004505,sub-18,/project/rrg-kjerbi/datasets/openneuro/ds004505/raw_bids/sub-18/eeg/sub-18_task-TableTennis_eeg.set,bids_eeglab,250.0,"{'M 1': 749, 'boundary': 17, 'Subject_hit': 1505, 'Subject_receive': 747}",events_tsv,/project/rrg-kjerbi/datasets/openneuro/ds004505/raw_bids/sub-18/eeg/sub-18_task-TableTennis_events.tsv,0.0,"{'STATUS': 77, 'stationary_hit': 280, 'moving_hit': 281, 'competitive': 631, 'cooperative': 1199, 'moving_serve': 280, 'stationary_serve': 271}","{'stationary': 551, 'moving': 561, 'competitive': 631, 'cooperative': 1199}","{'boundary': 18, 'M 1': 749, 'Subject_hit': 1505, 'Subject_receive': 747}",scalp_eeg_only_excluding_noise_emg_imu_none,313.0,120.0,120.0,8.0,65.0,0.0,250.0,4622.012,MNE FIR 1-100 Hz + 60 Hz notch,,,,,,,,,,,,,,,,,
,,,,,,,,,,amica,jax,gpu,37.99066929100081,500.0,64.0,120.0,1117345.0,250.0,fc10409,40598338,ds004505,sub-19,/project/rrg-kjerbi/datasets/openneuro/ds004505/raw_bids/sub-19/eeg/sub-19_task-TableTennis_eeg.set,bids_eeglab,250.0,"{'boundary': 17, 'Subject_hit': 1620, 'M 1': 674, 'Subject_receive': 889}",events_tsv,/project/rrg-kjerbi/datasets/openneuro/ds004505/raw_bids/sub-19/eeg/sub-19_task-TableTennis_events.tsv,0.0,"{'STATUS': 18, 'moving_hit': 238, 'stationary_hit': 275, 'cooperative': 1216, 'stationary_serve': 273, 'moving_serve': 271, 'competitive': 910}","{'moving': 509, 'stationary': 548, 'cooperative': 1216, 'competitive': 910}","{'boundary': 18, 'Subject_hit': 1620, 'M 1': 674, 'Subject_receive': 889}",scalp_eeg_only_excluding_noise_emg_imu_none,313.0,120.0,120.0,8.0,65.0,0.0,250.0,4469.38,MNE FIR 1-100 Hz + 60 Hz notch,,,,,,,,,,,,,,,,,
,,,,,,,,,,amica,jax,gpu,30.215181407984346,500.0,64.0,120.0,916388.0,250.0,fc10406,40598339,ds004505,sub-20,/project/rrg-kjerbi/datasets/openneuro/ds004505/raw_bids/sub-20/eeg/sub-20_task-TableTennis_eeg.set,bids_eeglab,250.0,"{'M 1': 654, 'boundary': 13, 'Subject_receive': 876, 'Subject_hit': 1440}",events_tsv,/project/rrg-kjerbi/datasets/openneuro/ds004505/raw_bids/sub-20/eeg/sub-20_task-TableTennis_events.tsv,0.0,"{'STATUS': 73, 'competitive': 849, 'stationary_serve': 283, 'moving_serve': 286, 'cooperative': 1214, 'moving_hit': 188, 'stationary_hit': 91}","{'competitive': 849, 'stationary': 374, 'moving': 474, 'cooperative': 1214}","{'boundary': 14, 'M 1': 654, 'Subject_receive': 876, 'Subject_hit': 1440}",scalp_eeg_only_excluding_noise_emg_imu_none,303.0,120.0,120.0,8.0,55.0,0.0,250.0,3665.552,MNE FIR 1-100 Hz + 60 Hz notch,,,,,,,,,,,,,,,,,
,,,,,,,,,,amica,jax,gpu,39.81122489500558,500.0,64.0,120.0,1128361.0,250.0,fc10407,40598340,ds004505,sub-21,/project/rrg-kjerbi/datasets/openneuro/ds004505/raw_bids/sub-21/eeg/sub-21_task-TableTennis_eeg.set,bids_eeglab,250.0,"{'M 1': 817, 'boundary': 17, 'Subject_hit': 1712, 'Subject_receive': 981}",events_tsv,/project/rrg-kjerbi/datasets/openneuro/ds004505/raw_bids/sub-21/eeg/sub-21_task-TableTennis_events.tsv,0.0,"{'STATUS': 135, 'stationary_serve': 268, 'moving_serve': 272, 'cooperative': 1465, 'moving_hit': 269, 'stationary_hit': 278, 'competitive': 841}","{'stationary': 546, 'moving': 541, 'cooperative': 1465, 'competitive': 841}","{'boundary': 18, 'M 1': 817, 'Subject_hit': 1712, 'Subject_receive': 981}",scalp_eeg_only_excluding_noise_emg_imu_none,313.0,120.0,120.0,8.0,65.0,0.0,250.0,4513.444,MNE FIR 1-100 Hz + 60 Hz notch,,,,,,,,,,,,,,,,,
,,,,,,,,,,amica,jax,gpu,38.2642201029812,500.0,64.0,120.0,1108947.0,250.0,fc10409,40598413,ds004505,sub-22,/project/rrg-kjerbi/datasets/openneuro/ds004505/raw_bids/sub-22/eeg/sub-22_task-TableTennis_eeg.set,bids_eeglab,250.0,"{'M 1': 809, 'boundary': 17, 'Subject_receive': 706, 'Subject_hit': 1442}",events_tsv,/project/rrg-kjerbi/datasets/openneuro/ds004505/raw_bids/sub-22/eeg/sub-22_task-TableTennis_events.tsv,0.0,"{'STATUS': 135, 'cooperative': 982, 'moving_hit': 273, 'stationary_hit': 276, 'competitive': 774, 'moving_serve': 269, 'stationary_serve': 266}","{'cooperative': 982, 'moving': 542, 'stationary': 542, 'competitive': 774}","{'boundary': 18, 'M 1': 809, 'Subject_receive': 706, 'Subject_hit': 1442}",scalp_eeg_only_excluding_noise_emg_imu_none,313.0,120.0,120.0,8.0,65.0,0.0,250.0,4435.788,MNE FIR 1-100 Hz + 60 Hz notch,,,,,,,,,,,,,,,,,
,,,,,,,,,,amica,jax,gpu,36.415153185953386,500.0,64.0,120.0,1053821.0,250.0,fc10406,40598414,ds004505,sub-23,/project/rrg-kjerbi/datasets/openneuro/ds004505/raw_bids/sub-23/eeg/sub-23_task-TableTennis_eeg.set,bids_eeglab,250.0,"{'M 1': 756, 'boundary': 16, 'Subject_hit': 1615, 'Subject_receive': 840}",events_tsv,/project/rrg-kjerbi/datasets/openneuro/ds004505/raw_bids/sub-23/eeg/sub-23_task-TableTennis_events.tsv,0.0,"{'STATUS': 76, 'moving_hit': 280, 'stationary_hit': 279, 'competitive': 805, 'cooperative': 1218, 'moving_serve': 279, 'stationary_serve': 291}","{'moving': 559, 'stationary': 570, 'competitive': 805, 'cooperative': 1218}","{'boundary': 17, 'M 1': 756, 'Subject_hit': 1615, 'Subject_receive': 840}",scalp_eeg_only_excluding_noise_emg_imu_none,326.0,120.0,120.0,8.0,78.0,0.0,250.0,4215.284,MNE FIR 1-100 Hz + 60 Hz notch,,,,,,,,,,,,,,,,,
,,,,,,,,,,amica,jax,gpu,41.27223048300948,500.0,64.0,120.0,1146791.0,250.0,fc10407,40598415,ds004505,sub-24,/project/rrg-kjerbi/datasets/openneuro/ds004505/raw_bids/sub-24/eeg/sub-24_task-TableTennis_eeg.set,bids_eeglab,250.0,"{'M 1': 882, 'boundary': 18, 'Subject_receive': 566, 'Subject_hit': 1555, 'Serve_res_competitive': 20, 'Hit_sub_competitive': 78, 'Hit_res_competitive': 73, 'Serve_sub_competitive': 16}",events_tsv,/project/rrg-kjerbi/datasets/openneuro/ds004505/raw_bids/sub-24/eeg/sub-24_task-TableTennis_events.tsv,0.0,"{'STATUS': 322, 'competitive': 772, 'stationary_serve': 269, 'moving_serve': 270, 'cooperative': 1037, 'stationary_hit': 266, 'moving_hit': 273}","{'competitive': 772, 'stationary': 535, 'moving': 543, 'cooperative': 1037}","{'boundary': 19, 'M 1': 882, 'Subject_receive': 566, 'Subject_hit': 1555, 'Serve_res_competitive': 20, 'Hit_sub_competitive': 78, 'Hit_res_competitive': 73, 'Serve_sub_competitive': 16}",scalp_eeg_only_excluding_noise_emg_imu_none,327.0,120.0,120.0,8.0,79.0,0.0,250.0,4587.164,MNE FIR 1-100 Hz + 60 Hz notch,,,,,,,,,,,,,,,,,
,,,,,,,,,,amica,jax,gpu,31.193954340997152,500.0,64.0,120.0,877574.0,250.0,fc10409,40597620,ds004505,sub-25,/project/rrg-kjerbi/datasets/openneuro/ds004505/raw_bids/sub-25/eeg/sub-25_task-TableTennis_eeg.set,bids_eeglab,250.0,"{'M 1': 650, 'boundary': 13, 'Subject_receive': 651, 'Subject_hit': 1213}",events_tsv,/project/rrg-kjerbi/datasets/openneuro/ds004505/raw_bids/sub-25/eeg/sub-25_task-TableTennis_events.tsv,0.0,"{'STATUS': 131, 'competitive': 953, 'stationary_hit': 285, 'moving_hit': 273, 'cooperative': 615, 'moving_serve': 178, 'stationary_serve': 93}","{'competitive': 953, 'stationary': 378, 'moving': 451, 'cooperative': 615}","{'boundary': 14, 'M 1': 650, 'Subject_receive': 651, 'Subject_hit': 1213}",scalp_eeg_only_excluding_noise_emg_imu_none,340.0,120.0,120.0,8.0,92.0,0.0,250.0,3510.296,MNE FIR 1-100 Hz + 60 Hz notch,,,,,,,,,,,,,,,,,
"{'time': 4934.067973852158, 'n_iter': 500, 'n_components': 60, 'iclabel': {'brain': 0, 'muscle': 0, 'eye': 0, 'heart': 0, 'line_noise': 0, 'channel_noise': 0, 'other': 56, 'brain_50pct': 0, 'brain_70pct': 0}, 'kurtosis': {'brain_like_kurtosis': 0, 'n_components': 60, 'kurtosis_mean': 1780.3010314840117, 'kurtosis_median': 1488.0689848867034, 'kurtosis_values': [42.429283517998776, 3655.206710391489, 144.25899383776954, 1462.6012258251637, 991.3812696669504, 732.1545600725789, 935.7213880709226, 1661.3146732334349, 3047.3268282751724, 1669.8656525699287, 4235.232986153532, 1675.1918077474238, 1418.1480304437096, 2155.367441013892, 2552.625972414287, 4977.127067550088, 1468.0827506661649, 1271.9759468796465, 4391.190951008369, 1161.9176482622267, 1054.4010823899093, 1622.6233620519195, 3280.32292233893, 1099.5584737989536, 1415.0478607952582, 2037.8045323449126, 3074.6838778591, 1425.8742712197877, 1432.6687063353422, 1420.9135231959756, 1535.124362640323, 1165.8530990256272, 1702.458919110874, 3591.071545162417, 1359.5798775013573, 996.1098152922666, 1752.2317898095987, 1929.5701120327187, 1246.909577920035, 1506.0373330645032, 2133.094507169414, 1124.6181580387965, 1269.4483517607368, 1162.4101107352121, 1084.0355341380323, 2223.479816296781, 2175.213463464296, 1979.453485156961, 957.8929976447947, 1435.5231089887786, 1882.5978819365678, 1199.3177859998316, 2571.2640528731245, 1679.663012924296, 2265.8581586355695, 1268.3859771262748, 1066.9350124378352, 1748.0127777353243, 1470.1006367089037, 1822.790827778637]}, 'reconstruction_error': 4.613056209184686e-15}","{'time': 1953.996896982193, 'n_iter': 500, 'n_components': 60, 'iclabel': {'brain': 5, 'muscle': 0, 'eye': 0, 'heart': 0, 'line_noise': 0, 'channel_noise': 0, 'other': 45, 'brain_50pct': 4, 'brain_70pct': 3}, 'kurtosis': {'brain_like_kurtosis': 1, 'n_components': 60, 'kurtosis_mean': 7765.166743501991, 'kurtosis_median': 5568.362117274608, 'kurtosis_values': [10.03387821927237, 3.0705898474141833, 53.27748997497159, 7205.861396908618, 9728.382072584534, 210.42166883261626, 24191.96264648201, 1183.0987862004044, 21113.08399164448, 8273.090448286564, 24284.99050821128, 3207.1054698984194, 2376.7976359344725, 14363.236227339052, 10821.805273811944, 6612.686707021047, 19964.800181062103, 19970.077640286825, 4416.1589853962205, 8444.636161577742, 25337.004650515875, 16039.913678096429, 2348.532047029985, 26306.735097070847, 252.8527169621405, 12408.26689385573, 6238.473212955678, 7310.663516226659, 10571.964885390813, 7457.646881568455, 365.1092290131827, 15913.157432141295, 2440.9667104957684, 3514.13388864649, 872.4441690852035, 6464.009461604091, 17882.963365694948, 14228.793667423019, 2777.1330933619165, 6398.752418937827, 3973.9085158918556, 3743.496856638477, 2128.2424270552556, 3428.931372271223, 2797.2431875515363, 1778.9830920183815, 1288.1783675564295, 20506.657185590608, 6114.160786680929, 1406.8705400381025, 1736.2930017842814, 5022.563447868288, 7169.593434540346, 4868.315673734118, 3093.112904718821, 4033.5347113308544, 6855.544305490854, 4976.861665585196, 7027.2019180952175, 2396.216440082292]}, 'reconstruction_error': 2.8378110124013384e-15}","{'time': 408.64280700683594, 'n_iter': 167, 'n_components': 60, 'iclabel': {'brain': 6, 'muscle': 0, 'eye': 0, 'heart': 0, 'line_noise': 0, 'channel_noise': 0, 'other': 41, 'brain_50pct': 4, 'brain_70pct': 2}, 'kurtosis': {'brain_like_kurtosis': 1, 'n_components': 60, 'kurtosis_mean': 8624.678052495176, 'kurtosis_median': 5896.8998749049315, 'kurtosis_values': [10.067920639420615, 3.506634326499527, 6220.371595334292, 53.665550981095, 213.2760870825301, 1118.8250297319703, 16488.582853943666, 11009.326952861235, 2034.454778157908, 34078.31734379293, 5989.085835861492, 9624.724975552628, 7976.707043968714, 18808.04307389198, 6035.2357115543155, 21814.532751393523, 13153.88179799057, 19669.264956180017, 4787.823680002032, 289.12700906547326, 23385.236138047854, 5417.360705396333, 9485.302789111354, 23116.46996487748, 2985.4156467872144, 28027.900712101746, 4517.343130043401, 2202.725153978759, 4055.347919707615, 2417.991771216082, 655.6019531880413, 23319.18755533295, 5924.767751758276, 11059.457698430168, 27974.513204875842, 4490.503340320337, 4100.739144722009, 2365.4036442557945, 4813.469517619523, 8522.35438645475, 3262.2207867319803, 7015.376907932123, 1728.4886644069497, 3167.31533195072, 7902.163306759806, 4361.466114517593, 6298.233702984083, 5665.539829790134, 1508.4278806348473, 1927.5923512984282, 3273.2886076282875, 19180.128053154756, 7794.918102869659, 7680.686976402277, 5742.665672134188, 5083.74804869663, 6763.217592061622, 14677.374500303822, 5869.031998051586, 20362.88501086324]}, 'reconstruction_error': 6.635649573451114e-15}","{'time': 159.79265236854553, 'n_iter': 92, 'n_components': 60, 'iclabel': {'brain': 0, 'muscle': 0, 'eye': 0, 'heart': 0, 'line_noise': 0, 'channel_noise': 0, 'other': 55, 'brain_50pct': 0, 'brain_70pct': 0}, 'kurtosis': {'brain_like_kurtosis': 1, 'n_components': 60, 'kurtosis_mean': 3020.9201795153112, 'kurtosis_median': 2668.2381667585278, 'kurtosis_values': [10.032805729464739, 3.0727819085722814, 53.27563635594129, 210.30827710631607, 2194.690921258694, 1183.352204803198, 5888.7359432800085, 2466.7939659857548, 3857.402820597292, 3475.3496093061062, 2018.8031857937349, 3582.3816991129547, 10415.364665506495, 3460.2163653516195, 1907.4542283798075, 4141.999640391333, 5573.989794680267, 8436.012549462434, 2640.3860449541658, 2248.7632344406807, 1920.1429814136923, 7609.846792948303, 2387.1688298067097, 3101.3721736359066, 2070.7766602344495, 4586.456728631921, 252.16000523038917, 4020.306900385044, 3196.4999630944253, 2672.047980842257, 3719.0536895051873, 1946.4637866195812, 6445.958591312092, 3888.992689899821, 1631.689946812432, 4106.868394111188, 2279.703159622921, 2810.5234674014005, 2838.4886601277803, 1525.6908691481876, 3219.590583082487, 7281.437598442423, 2787.1484759405403, 356.5892609641155, 3778.3382313588554, 1377.4282949705816, 3194.4686494985613, 3300.17264221432, 1247.4366808120449, 6234.453821840011, 5620.021341746775, 956.7304160019747, 2218.535630083699, 3350.137215171853, 1451.6403866950682, 2664.428352674799, 1550.1682923159105, 1235.5495859900288, 1244.0690027497228, 1408.2676631763813]}, 'reconstruction_error': 2.137743692962324e-15}",,,,,,,,,,,,,,,,,,,,,,,,,,,,,,,,,,,,,,,,,,,,,,,,,,,,,,,,
,,,,,,,,,,,,,,,,,,,,,,,,,,,,,,,,,,,,,,,,,,,"{'ll_python_final': -2.0090629612808173, 'll_matlab_final': -2.009061270405247, 'll_diff_pct': 8.416246906621237e-05, 'W_mean_corr': 0.9999969992258212, 'W_min_corr': 0.999986886651938, 'W_matched_corrs': [0.9999999981373506, 0.9999999327512642, 0.9999997366939123, 0.9999995962172634, 0.999995844903198, 0.999986886651938], 'rho_mean_diff': 0.007628862522236626, 'alpha_mean_diff': 0.005388919256773582}","{'ll_python_final': -2.049930028649133, 'll_matlab_final': -2.0516378066962284, 'll_diff_pct': 0.0832397434635586, 'W_mean_corr': 0.9998509721461036, 'W_min_corr': 0.9995347795847376, 'W_matched_corrs': [0.9999917396497097, 0.9999916413899579, 0.999989629718881, 0.9999875009021691, 0.9996105416311667, 0.9995347795847376], 'rho_mean_diff': 0.010885434798279438, 'alpha_mean_diff': 0.004212183562891311}","{'ll_python_final': -2.0094454947617604, 'll_matlab_final': -2.0094423010251843, 'll_diff_pct': 0.00015893646582740658, 'W_mean_corr': 0.9999996768684015, 'W_min_corr': 0.9999985585342315, 'W_matched_corrs': [0.999999995266933, 0.9999999759154682, 0.9999999722310563, 0.9999998872552459, 0.999999672007474, 0.9999985585342315], 'rho_mean_diff': 0.0023662206444951353, 'alpha_mean_diff': 0.0}",,,,,,,,,,,,,,
"{'time': 72.48919773101807, 'n_iter': 2000, 'n_components': 30, 'iclabel': {'brain': 1, 'brain_50pct': 1, 'brain_70pct': 0, 'muscle': 0, 'eye': 0, 'other': 26}, 'kurtosis': {'brain_like': 1, 'mean': 2341.798687571238, 'median': 2084.347413486641, 'values': [1746.1870680208838, 2099.3267495281575, 1866.6418784733003, 1912.954272009704, 1727.0674007312693, 2340.1069242970752, 3164.8395615518293, 2039.2089589003515, 3601.9447641380348, 2069.368077445124, 1627.1138895377294, 7.11233695823098, 2411.0029543890046, 4522.537018874901, 2433.1122206440896, 2429.2106479705253, 3154.7368111816513, 1526.0717488657351, 10066.288460805228, 2658.647597112974, 1303.4180673785406, 802.3603810535456, 2271.849527783628, 3024.9668107263487, 1723.1650068397166, 2055.3200861863456, 313.0997311868858, 3048.12597823547, 2285.7247771362263, 22.450919174627444]}, 'psd_alpha': {'alpha_peaked_ics': 0}, 'mir': {'mir': -6.129080015868539}, 'reconstruction_error': 2.297971136622185e-15}","{'time': 175.15458631515503, 'n_iter': 71, 'n_components': 30, 'iclabel': {'brain': 1, 'brain_50pct': 1, 'brain_70pct': 0, 'muscle': 0, 'eye': 0, 'other': 25}, 'kurtosis': {'brain_like': 1, 'mean': 7127.00466587705, 'median': 4330.1155619376495, 'values': [12.60483685880594, 3.677106521792422, 52.946828088575685, 16739.44348811175, 6184.412637621202, 10264.492512533741, 221.1262840673548, 1101.5824748046102, 2815.556371907943, 7468.65830415883, 15192.208199161272, 2233.103514944619, 3736.1127985470216, 7418.171405152307, 22153.677128452407, 7044.703635535802, 35214.03708669798, 6151.586182071514, 8024.388007284975, 19160.772624399702, 4924.118325328277, 2181.277491115476, 17423.824068183527, 2908.620951144824, 3363.3232262189167, 256.40295577771866, 3057.1793126896923, 1483.0771906248015, 798.6550554099833, 6220.399972896046]}, 'psd_alpha': {'alpha_peaked_ics': 0}, 'mir': {'mir': -141.19881269924218}, 'reconstruction_error': 2.113509243842412e-15}","{'time': 150.97662711143494, 'n_iter': 134, 'n_components': 30, 'iclabel': {'brain': 1, 'brain_50pct': 1, 'brain_70pct': 1, 'muscle': 0, 'eye': 0, 'other': 25}, 'kurtosis': {'brain_like': 1, 'mean': 5842.470526681292, 'median': 3540.7985406022385, 'values': [12.604718859174568, 3.6764096462226403, 18582.830499440443, 52.911011408178005, 4208.977524861443, 221.14599340311298, 1101.4317730491184, 6639.762827168978, 5529.9405699324125, 3422.36157292444, 10802.510218138861, 19347.20654455638, 3267.9665609165754, 5528.9623658195615, 2243.154261522089, 17705.566994431814, 7928.395581345231, 5258.8386689424715, 22941.47941158737, 3937.3887253080197, 2759.3439022576986, 2260.549977783368, 12804.128634156363, 3233.485892028795, 254.03718443310748, 3466.390965825089, 3615.206115379388, 1163.116409452687, 796.4884514992702, 6184.256034361068]}, 'psd_alpha': {'alpha_peaked_ics': 0}, 'mir': {'mir': -141.37546292155398}, 'reconstruction_error': 2.2326384004372114e-15}",,,,,,,,,,,,,,,,,,,,,,,,,,,,,,,,,,,,,,,,,,,,,,,,,,,,,,,,,
"{'time': 39.72215700149536, 'n_iter': 1107, 'n_components': 30, 'iclabel': {'brain': 0, 'brain_50pct': 0, 'brain_70pct': 0, 'muscle': 0, 'eye': 1, 'other': 28}, 'kurtosis': {'brain_like': 0, 'mean': 950.0510464628097, 'median': 1084.8813830560684, 'values': [1115.21275874367, 1110.334007014824, 1102.0794315953679, 182.94509634933831, 1238.8995360900717, 320.82542922965666, 613.0422574093823, 1572.361661592419, 1166.4612666232658, 1990.1562670509998, 75.61131571852327, 1316.6036573060496, 533.8812962689096, 183.2771318753842, 990.0080686071796, 1102.0580303900244, 213.22972760770182, 1654.6446878763231, 103.65024224708334, 2804.302038115352, 1067.7047357221127, 823.7457643037727, 1217.9563669029842, 1113.1224153636917, 923.9482298463234, 1978.8346082712726, 342.50423414525574, 1114.927804507793, 113.28370397440983, 415.91962313514864]}, 'psd_alpha': {'alpha_peaked_ics': 0}, 'mir': {'mir': -43.77594422251573}, 'reconstruction_error': 7.893436104803931e-14}","{'time': 176.93888473510742, 'n_iter': 71, 'n_components': 30, 'iclabel': {'brain': 1, 'brain_50pct': 1, 'brain_70pct': 0, 'muscle': 0, 'eye': 0, 'other': 25}, 'kurtosis': {'brain_like': 1, 'mean': 7127.00466587705, 'median': 4330.1155619376495, 'values': [12.60483685880594, 3.677106521792422, 52.946828088575685, 16739.44348811175, 6184.412637621202, 10264.492512533741, 221.1262840673548, 1101.5824748046102, 2815.556371907943, 7468.65830415883, 15192.208199161272, 2233.103514944619, 3736.1127985470216, 7418.171405152307, 22153.677128452407, 7044.703635535802, 35214.03708669798, 6151.586182071514, 8024.388007284975, 19160.772624399702, 4924.118325328277, 2181.277491115476, 17423.824068183527, 2908.620951144824, 3363.3232262189167, 256.40295577771866, 3057.1793126896923, 1483.0771906248015, 798.6550554099833, 6220.399972896046]}, 'psd_alpha': {'alpha_peaked_ics': 0}, 'mir': {'mir': -141.19881269924218}, 'reconstruction_error': 2.113509243842412e-15}","{'time': 152.00590133666992, 'n_iter': 134, 'n_components': 30, 'iclabel': {'brain': 1, 'brain_50pct': 1, 'brain_70pct': 1, 'muscle': 0, 'eye': 0, 'other': 25}, 'kurtosis': {'brain_like': 1, 'mean': 5842.470526681292, 'median': 3540.7985406022385, 'values': [12.604718859174568, 3.6764096462226403, 18582.830499440443, 52.911011408178005, 4208.977524861443, 221.14599340311298, 1101.4317730491184, 6639.762827168978, 5529.9405699324125, 3422.36157292444, 10802.510218138861, 19347.20654455638, 3267.9665609165754, 5528.9623658195615, 2243.154261522089, 17705.566994431814, 7928.395581345231, 5258.8386689424715, 22941.47941158737, 3937.3887253080197, 2759.3439022576986, 2260.549977783368, 12804.128634156363, 3233.485892028795, 254.03718443310748, 3466.390965825089, 3615.206115379388, 1163.116409452687, 796.4884514992702, 6184.256034361068]}, 'psd_alpha': {'alpha_peaked_ics': 0}, 'mir': {'mir': -141.37546292155398}, 'reconstruction_error': 2.2326384004372114e-15}",,,,,,,,,,,,,,,,,,,,,,,,,,,,,,,,,,,,,,,,,,,,"{'mode': 'combo', 'stage1': {'mode': 'dual', 'threshold': 0.85, 'mean_rejected_fraction': 0.0}, 'stage2': {'mode': 'pseudo', 'threshold': 0.9, 'mean_rejected_fraction': 0.0}, 'segment_len_sec': 2.0}","{'subject': 'sub-01', 'hp': 1.0, 'iclean': 'combo'}",,,,,,,,,,,,
"{'time': 70.70921969413757, 'n_iter': 2000, 'n_components': 30, 'iclabel': {'brain': 1, 'brain_50pct': 1, 'brain_70pct': 0, 'muscle': 0, 'eye': 0, 'other': 26}, 'kurtosis': {'brain_like': 1, 'mean': 2342.983190202606, 'median': 2084.182505175513, 'values': [1746.2382814134612, 2099.3147065884423, 1866.777178430288, 1912.9396399981222, 1727.0809753484912, 2340.302712326185, 3164.9961644475675, 2039.1117709629875, 3601.4577394660355, 2069.0503037625836, 1628.8737229773033, 7.0973573192749715, 2412.154743343182, 4517.145402115871, 2433.6386530598697, 2430.517829295157, 3165.43423862702, 1524.0288373827116, 10099.326787577687, 2660.79301500273, 1302.954538857604, 802.4657368709596, 2267.2894844840207, 3025.1199336528143, 1722.1251615425033, 2053.315691444915, 312.95784428408274, 3048.7500436094583, 2285.7668963301594, 22.47031555668524]}, 'psd_alpha': {'alpha_peaked_ics': 0}, 'mir': {'mir': -6.012950381480977}, 'reconstruction_error': 1.6370536047311031e-15}","{'time': 179.1595332622528, 'n_iter': 71, 'n_components': 30, 'iclabel': {'brain': 1, 'brain_50pct': 1, 'brain_70pct': 0, 'muscle': 0, 'eye': 0, 'other': 25}, 'kurtosis': {'brain_like': 1, 'mean': 7127.00466587705, 'median': 4330.1155619376495, 'values': [12.60483685880594, 3.677106521792422, 52.946828088575685, 16739.44348811175, 6184.412637621202, 10264.492512533741, 221.1262840673548, 1101.5824748046102, 2815.556371907943, 7468.65830415883, 15192.208199161272, 2233.103514944619, 3736.1127985470216, 7418.171405152307, 22153.677128452407, 7044.703635535802, 35214.03708669798, 6151.586182071514, 8024.388007284975, 19160.772624399702, 4924.118325328277, 2181.277491115476, 17423.824068183527, 2908.620951144824, 3363.3232262189167, 256.40295577771866, 3057.1793126896923, 1483.0771906248015, 798.6550554099833, 6220.399972896046]}, 'psd_alpha': {'alpha_peaked_ics': 0}, 'mir': {'mir': -141.19881269924218}, 'reconstruction_error': 2.113509243842412e-15}","{'time': 154.15802311897278, 'n_iter': 134, 'n_components': 30, 'iclabel': {'brain': 1, 'brain_50pct': 1, 'brain_70pct': 1, 'muscle': 0, 'eye': 0, 'other': 25}, 'kurtosis': {'brain_like': 1, 'mean': 5842.470526681292, 'median': 3540.7985406022385, 'values': [12.604718859174568, 3.6764096462226403, 18582.830499440443, 52.911011408178005, 4208.977524861443, 221.14599340311298, 1101.4317730491184, 6639.762827168978, 5529.9405699324125, 3422.36157292444, 10802.510218138861, 19347.20654455638, 3267.9665609165754, 5528.9623658195615, 2243.154261522089, 17705.566994431814, 7928.395581345231, 5258.8386689424715, 22941.47941158737, 3937.3887253080197, 2759.3439022576986, 2260.549977783368, 12804.128634156363, 3233.485892028795, 254.03718443310748, 3466.390965825089, 3615.206115379388, 1163.116409452687, 796.4884514992702, 6184.256034361068]}, 'psd_alpha': {'alpha_peaked_ics': 0}, 'mir': {'mir': -141.37546292155398}, 'reconstruction_error': 2.2326384004372114e-15}",,,,,,,,,,,,,,,,,,,,,,,,,,,,,,,,,,,,,,,,,,,,"{'mode': 'dual', 'threshold': 0.85, 'segment_len_sec': 2.0, 'mean_rejected_fraction': 0.0, 'reference': 'dual-layer noise electrodes'}","{'subject': 'sub-01', 'hp': 1.0, 'iclean': 'dual'}",,,,,,,,,,,,
"{'time': 69.84871125221252, 'n_iter': 2000, 'n_components': 30, 'iclabel': {'brain': 1, 'brain_50pct': 1, 'brain_70pct': 0, 'muscle': 0, 'eye': 0, 'other': 26}, 'kurtosis': {'brain_like': 1, 'mean': 2343.012719631642, 'median': 2084.3979132052045, 'values': [1746.1652549311284, 2099.368536705256, 1866.6722520129874, 1913.1912771048028, 1727.1727067172465, 2340.2816727493146, 3164.585067177043, 2039.0970881930532, 3601.794714907791, 2069.4272897051533, 1627.463470021496, 7.100455967563901, 2412.827983509896, 4514.835721654354, 2433.3213219092613, 2427.747506166899, 3167.581223974849, 1534.7959836226921, 10095.181550313167, 2660.092088824841, 1302.9362913083608, 801.6271378810737, 2267.8294714146964, 3025.2740194664057, 1721.824623256051, 2053.5750965296374, 312.99788856180714, 3047.085935304642, 2286.0621412651726, 22.465817792626016]}, 'psd_alpha': {'alpha_peaked_ics': 0}, 'mir': {'mir': -6.047315927166238}, 'reconstruction_error': 1.6804708864264316e-15}","{'time': 176.3692901134491, 'n_iter': 71, 'n_components': 30, 'iclabel': {'brain': 1, 'brain_50pct': 1, 'brain_70pct': 0, 'muscle': 0, 'eye': 0, 'other': 25}, 'kurtosis': {'brain_like': 1, 'mean': 7127.00466587705, 'median': 4330.1155619376495, 'values': [12.60483685880594, 3.677106521792422, 52.946828088575685, 16739.44348811175, 6184.412637621202, 10264.492512533741, 221.1262840673548, 1101.5824748046102, 2815.556371907943, 7468.65830415883, 15192.208199161272, 2233.103514944619, 3736.1127985470216, 7418.171405152307, 22153.677128452407, 7044.703635535802, 35214.03708669798, 6151.586182071514, 8024.388007284975, 19160.772624399702, 4924.118325328277, 2181.277491115476, 17423.824068183527, 2908.620951144824, 3363.3232262189167, 256.40295577771866, 3057.1793126896923, 1483.0771906248015, 798.6550554099833, 6220.399972896046]}, 'psd_alpha': {'alpha_peaked_ics': 0}, 'mir': {'mir': -141.19881269924218}, 'reconstruction_error': 2.113509243842412e-15}","{'time': 150.89216470718384, 'n_iter': 134, 'n_components': 30, 'iclabel': {'brain': 1, 'brain_50pct': 1, 'brain_70pct': 1, 'muscle': 0, 'eye': 0, 'other': 25}, 'kurtosis': {'brain_like': 1, 'mean': 5842.470526681292, 'median': 3540.7985406022385, 'values': [12.604718859174568, 3.6764096462226403, 18582.830499440443, 52.911011408178005, 4208.977524861443, 221.14599340311298, 1101.4317730491184, 6639.762827168978, 5529.9405699324125, 3422.36157292444, 10802.510218138861, 19347.20654455638, 3267.9665609165754, 5528.9623658195615, 2243.154261522089, 17705.566994431814, 7928.395581345231, 5258.8386689424715, 22941.47941158737, 3937.3887253080197, 2759.3439022576986, 2260.549977783368, 12804.128634156363, 3233.485892028795, 254.03718443310748, 3466.390965825089, 3615.206115379388, 1163.116409452687, 796.4884514992702, 6184.256034361068]}, 'psd_alpha': {'alpha_peaked_ics': 0}, 'mir': {'mir': -141.37546292155398}, 'reconstruction_error': 2.2326384004372114e-15}",,,,,,,,,,,,,,,,,,,,,,,,,,,,,,,,,,,,,,,,,,,,"{'mode': 'pseudo', 'threshold': 0.95, 'segment_len_sec': 2.0, 'mean_rejected_fraction': 0.0, 'reference': 'pseudo-reference (5-45 Hz band-stop of scalp)'}","{'subject': 'sub-01', 'hp': 1.0, 'iclean': 'pseudo'}",,,,,,,,,,,,
,,,,,,,,,,,,,,,,,,,,,,,,,,,,,,,,,,,,,,,,,,,,,,,,"{'status': 'OK', 'n_iter': 100, 'final_ll': -1.3130879090855652, 'nrmse': 3.8276839409202154e-31, 'has_nan': 'False', 'time': 0.28638291358947754}","{'status': 'OK', 'n_iter': 50, 'final_ll': -3.2406087836059867, 'nrmse': 9.555595393193805e-30, 'has_nan': 'False', 'time': 2.841865062713623}","{'status': 'OK', 'n_iter': 100, 'final_ll': -2.4517333172073545, 'nrmse': 3.1512507718848803e-30, 'has_nan': 'False', 'time': 1.9935359954833984}","{'status': 'OK', 'n_iter': 100, 'final_ll': -2.8507525492762813, 'nrmse': 1.195676980164438e-29, 'has_nan': 'False', 'time': 2.057525873184204}","{'status': 'OK', 'n_iter': 30, 'final_ll': 1.8057425677129568, 'nrmse': 3.7504614623502326e-22, 'has_nan': 'False', 'time': 0.24541592597961426}","{'status': 'OK', 'n_iter': 10, 'final_ll': -1.396901771455612, 'nrmse': 5.197703135323954e-33, 'has_nan': 'False', 'time': 0.017236709594726562}","{'status': 'OK', 'n_iter': 30, 'final_ll': -3.3217169984027755, 'nrmse': 1.6065959629033728e-29, 'has_nan': 'False', 'time': 63.14534091949463}","{'status': 'OK', 'n_iter': 50, 'final_ll': -1.682323894557692, 'nrmse': 1.2255648076932814e-27, 'has_nan': 'False', 'time': 0.6816978454589844}",,,,
,,,,,,,,,,,,,,,,,,,,,,,,,,,,,,,,,,,,,,,,,,,,,,,,,,,,,,,,"{'AMICA': {'amari': 0.007825399935411936, 'time': 8.384018421173096, 'n_iter': 500.0}, 'Picard': {'amari': 0.22281394023712459, 'time': 0.05251193046569824, 'n_iter': 14.0}, 'Infomax': {'amari': 0.19531325892735613, 'time': 1.3865201473236084, 'n_iter': 500.0}, 'FastICA': {'amari': 0.009624646346322218, 'time': 0.013591289520263672, 'n_iter': 7.0}}","{'AMICA': {'mir': -173.96326668834564, 'time': 99.95468521118164, 'n_iter': 200, 'method': 'amica'}, 'Picard': {'mir': -173.4059155786092, 'time': 6.780131578445435, 'n_iter': 33, 'method': 'picard'}, 'Infomax': {'mir': -182.53965063408398, 'time': 29.132325172424316, 'n_iter': 200, 'method': 'infomax'}, 'FastICA': {'mir': -173.41576334569658, 'time': 2.17460298538208, 'n_iter': 21, 'method': 'fastica'}}","{'newton': {'ll': [-2.122934030272931, -2.0800156554892957, -2.0749174867197753, -2.073293513349657, -2.0726348959705154, -2.072322583326963, -2.0721394544178637, -2.0720069576003586, -2.071896047790632, -2.0717949930388833, -2.071698970828114, -2.0716058849663668, -2.07151449487557, -2.07142410886636, -2.0713343145824243, -2.071244679436843, -2.0711546498050017, -2.071063912737363, -2.0709725233750818, -2.070880307332481, -2.0707872607257514, -2.0706928166272567, -2.0705970850370083, -2.070500148380394, -2.0704019332252384, -2.070302204712379, -2.0702012924757134, -2.0700988399912443, -2.0699948256283625, -2.0698889805844662, -2.0697812726648404, -2.069671550228528, -2.0695596220437604, -2.0694454143525665, -2.0693281424622767, -2.069207829832527, -2.0690845630631314, -2.0689583576684223, -2.068829294139402, -2.06869728819943, -2.068561861811742, -2.068423148932788, -2.068281047180639, -2.0681355373547947, -2.067986790325296, -2.0678348645211955, -2.067680033101554, -2.067522645724521, -2.067362310988494, -2.067198626029147, -2.0670310035905817, -2.0668597293053366, -2.0666848634995274, -2.0665062448624147, -2.06632364047002, -2.0661369188609355, -2.065945992621107, -2.0657510359029594, -2.0655513660936213, -2.065347048296189, -2.0651375281060527, -2.0649231711140734, -2.0647040706560142, -2.0644804424844003, -2.0642523651414675, -2.064019599424529, -2.063781524694135, -2.063537911883177, -2.0632881332546704, -2.0630327008043694, -2.0627715530233774, -2.0625044289041368, -2.0622317090952236, -2.0619541007253535, -2.06167189205244, -2.0613838790605348, -2.061089586816655, -2.060789332219198, -2.0604828827887323, -2.060169184104435, -2.0598488984304613, -2.059521571334842, -2.059187509101524, -2.058847039216105, -2.058500915156007, -2.0581489681220444, -2.057790190681488, -2.057426176934181, -2.0570560792988886, -2.0566798433338924, -2.05629816434401, -2.0559112522954197, -2.055518846362511, -2.0551206456050966, -2.054716644324909, -2.0543087922589005, -2.0538983754621674, -2.0534859672018384, -2.0530715548904266, -2.0526545648045316, -2.0522359701020565, -2.051815541446797, -2.051393786663185, -2.0509723324278153, -2.050551147095723, -2.0501312869622934, -2.049713404364432, -2.0492987834768965, -2.048887001404376, -2.0484784152897646, -2.0480743888725943, -2.0476736526386667, -2.0472763026690486, -2.046883733828923, -2.0464967160027983, -2.046114892587569, -2.0457384156374454, -2.045368181523616, -2.0450024306986574, -2.0446415179992314, -2.0442866782178504, -2.0439373197110555, -2.0435929684531637, -2.0432537991514588, -2.0429204520268303, -2.042592448470001, -2.0422703041986536, -2.0419538701732884, -2.041642093801748, -2.0413354292303194, -2.0410346337022034, -2.0407406483753676, -2.040453127159596, -2.040171486798457, -2.0398959477492267, -2.039625908035118, -2.039360910549184, -2.039099770998065, -2.0388423733015175, -2.038588744965139, -2.0383389760994857, -2.0380935642442295, -2.0378507202557783, -2.0376101869670906, -2.037371906691239, -2.0371369774867603, -2.036905842535485, -2.036677823808383, -2.0364525473151245, -2.036229962513626, -2.036009338677719, -2.0357913001747243, -2.035576946531245, -2.0353657050117433, -2.0351565547343458, -2.03495000695502, -2.0347461364666617, -2.0345446149608715, -2.0343450828332608, -2.0341472557109324, -2.0339513329102314, -2.033757546628878, -2.0335651178934055, -2.0333746938841912, -2.033185578527451, -2.032996662141663, -2.0328079921121858, -2.032619891618138, -2.0324318414493523, -2.032243437974101, -2.0320556093877387, -2.0318692258064215, -2.0316837146699034, -2.031498307644854, -2.0313125396260934, -2.031126596194228, -2.0309411151431416, -2.030756343154268, -2.0305726433563835, -2.0303900769160976, -2.0302080295581733, -2.03002657788534, -2.029845582630313, -2.0296648030763644, -2.029483741620992, -2.029302269508736, -2.0291207326978187, -2.0289381636015427, -2.028754739760218, -2.0285708321325098, -2.028385318473735, -2.028198820257791, -2.028011378473842, -2.027823678502348, -2.0276354034255832, -2.0274461984919236, -2.027256713452419, -2.0270669418138847, -2.0268778334129784, -2.0266887220430476, -2.0264991091602753, -2.0263090366035215, -2.026118270647582, -2.0259266950092516, -2.0257338494516204, -2.025539525347184, -2.0253441074845404, -2.025148183420516, -2.0249512565552283, -2.0247533789329477, -2.0245527083186188, -2.0243488338734057, -2.024141990984145, -2.0239323366848705, -2.0237194191433803, -2.023502458254911, -2.0232822284639496, -2.023059319763684, -2.0228343300703795, -2.0226073606826342, -2.0223761100914177, -2.022141888109329, -2.0219067534806237, -2.0216694026132287, -2.021430678113712, -2.021190515098745, -2.020949880557225, -2.020707696141222, -2.0204645015086355, -2.0202183289370756, -2.019969826311111, -2.019719790715717, -2.0194678160369635, -2.0192145031111024, -2.0189602172926517, -2.018704803831137, -2.0184492768174382, -2.0181952412131285, -2.0179400264823717, -2.017683944332502, -2.0174248248915503, -2.017164811875547, -2.016906268446255, -2.0166470718099787, -2.0163881427960457, -2.0161290952109927, -2.0158708728147823, -2.015614237430745, -2.015359150620542, -2.0151077491702156, -2.0148594520624385, -2.014614728370959, -2.0143730511192137, -2.0141359890618573, -2.0139041260139674, -2.0136764580228137, -2.013456594527664, -2.0132435419634382, -2.0130358261539896, -2.0128335171707588, -2.012638245724356, -2.012450067582011, -2.012269257069327, -2.0120952712722366, -2.0119290779030923, -2.011770139604566, -2.011617578674335, -2.0114736164820686, -2.0113363084936666, -2.011204515109384, -2.011077997683667, -2.0109580482608176, -2.0108455175860405, -2.0107402668922685, -2.0106412254342354, -2.0105478705511075, -2.010459798018946, -2.0103764619536326, -2.0102979391799773, -2.0102240691716613, -2.010154658284102, -2.0100894583427067, -2.0100285344375064, -2.0099714327380687, -2.009917937763748, -2.0098679487543913, -2.009820737787485, -2.009776354123486, -2.009735414091469, -2.0096975992664934, -2.009663020094891, -2.0096310507165964, -2.009601127119099, -2.0095728932460792, -2.009546408060214, -2.0095215228411547, -2.0094981419053237, -2.0094760756452525, -2.0094553993979933, -2.0094360299376364, -2.009417762409741, -2.0094003550128217, -2.009383916780139, -2.0093684323880967, -2.009353935854804, -2.0093402168060717, -2.0093272136037283, -2.009314849811806, -2.0093031472695544, -2.009292292830409, -2.009282021637627, -2.009272312915605, -2.0092631359633684, -2.0092545495506635, -2.0092463724771408, -2.0092386046044037, -2.0092313051917743, -2.009224434172058, -2.0092178812434343, -2.0092116436645946, -2.0092057801218495, -2.009200230967088, -2.009194928980802, -2.0091898372435737, -2.0091849298942646, -2.009180236216715, -2.0091757446627265, -2.00917141591783, -2.009167263359235, -2.0091632820131853, -2.0091594358914495, -2.0091557142524437, -2.009152109712749, -2.0091486943837844, -2.0091453736233755, -2.009142149255777, -2.0091389984506653, -2.0091359257869064, -2.0091329376410245, -2.00913002342142, -2.0091271923927003, -2.009124432514981, -2.009121715471847, -2.0091190425703918, -2.0091164345655237, -2.0091138885265076, -2.0091113822336073, -2.0091089437161243, -2.0091065406540602, -2.009104188674941, -2.0091018806234997, -2.0090995893170813, -2.0090973375768044, -2.0090951904133103, -2.009093030443681, -2.009090907418641, -2.0090888114796677, -2.0090867496636453, -2.0090847279094364, -2.0090826918140285, -2.0090806266836045, -2.0090785278013463, -2.0090764144091455, -2.009074395305958, -2.009072458912754, -2.0090704351279545, -2.0090684128950382, -2.0090664206629905, -2.009064461351642, -2.0090624649506026, -2.009060553499482, -2.0090587866776763, -2.0090570071183933, -2.0090553344048905, -2.0090537096830827, -2.009052170411516, -2.00905061034456, -2.0090490695918075, -2.009047519238628, -2.0090460065653324, -2.009044504812367, -2.0090430214023414, -2.0090415427949724, -2.0090400945883493, -2.0090386776643325, -2.0090372610373777, -2.009035860923518, -2.009034452631082, -2.0090330340050313, -2.0090316288947947, -2.009030279717668, -2.009028932534703, -2.009027603099981, -2.009026261770043, -2.0090249228823507, -2.0090236000551682, -2.0090222809913425, -2.0090210089236185, -2.009019708302778, -2.0090183953191305, -2.0090171088194304, -2.009015834353687, -2.009014521043573, -2.009013204086672, -2.009011862067645, -2.0090105297565515, -2.0090092103338213, -2.009007930139822, -2.0090066305098526, -2.0090053018418748, -2.009003999767908, -2.0090027063859086, -2.0090014163041237, -2.0090001453926343, -2.008998831924485, -2.0089975469652415, -2.00899621660493, -2.0089948871924643, -2.0089936244629394, -2.0089923209211022, -2.0089910530621693, -2.0089898742045325, -2.008988607711968, -2.0089873037212933, -2.0089859662574736, -2.008984647936751, -2.008983380672408, -2.0089820989769906, -2.008980797784776, -2.0089794822142397, -2.008978179596724, -2.008976875495122, -2.0089755375002123, -2.0089741790735935, -2.00897276341082, -2.0089713480214124, -2.0089700249672466, -2.008968642418838, -2.0089672310673303, -2.0089660305394825, -2.008964599371567, -2.0089632466437015, -2.008961948899118, -2.008960540688557, -2.008959058592764, -2.0089575453116777, -2.008956012514623, -2.0089543999248547, -2.008952907157525, -2.008951440018306, -2.0089499209426775, -2.0089484015508434, -2.008946879032473, -2.008945432802012, -2.008944037471717, -2.0089425670218524, -2.0089411310317282, -2.0089397510243723, -2.008938314355768, -2.008936953853808, -2.008935649973978, -2.0089343280374767, -2.0089330438865867, -2.008931728052694, -2.0089303858026013, -2.0089290446303307, -2.008927720722988, -2.008926368214777, -2.0089250144555924, -2.0089237018531367, -2.008922369612391, -2.0089211323038145, -2.0089198536633006, -2.0089185501971656, -2.0089173115737196, -2.0089160286731347, -2.0089147077418894, -2.0089134755246394, -2.0089121991652434, -2.008910897778374, -2.0089097151670203, -2.0089084568408033, -2.0089071613242, -2.008905856478612, -2.0089045166811337, -2.0089031399017774, -2.008901907290084, -2.008900576513822, -2.0088992682995706, -2.0088979092563277, -2.008896649052141, -2.0088953753698746, -2.008894000620849, -2.0088926161474228, -2.00889133616529, -2.0088900312126343, -2.008888777806568, -2.008887412755504, -2.0088860149387093, -2.0088845800342425], 'n_iter': 500}, 'natgrad': {'ll': [-2.122934030272931, -2.0800156554892957, -2.0749174867197753, -2.073293513349657, -2.0726348959705154, -2.072322583326963, -2.0721394544178637, -2.0720069576003586, -2.071896047790632, -2.0717949930388833, -2.071698970828114, -2.0716058849663668, -2.07151449487557, -2.07142410886636, -2.0713343145824243, -2.071244679436843, -2.0711546498050017, -2.071063912737363, -2.0709725233750818, -2.070880307332481, -2.0707872607257514, -2.0706928166272567, -2.0705970850370083, -2.070500148380394, -2.0704019332252384, -2.070302204712379, -2.0702012924757134, -2.0700988399912443, -2.0699948256283625, -2.0698889805844662, -2.0697812726648404, -2.069671550228528, -2.0695596220437604, -2.0694454143525665, -2.0693281424622767, -2.069207829832527, -2.0690845630631314, -2.0689583576684223, -2.068829294139402, -2.06869728819943, -2.068561861811742, -2.068423148932788, -2.068281047180639, -2.0681355373547947, -2.067986790325296, -2.0678348645211955, -2.067680033101554, -2.067522645724521, -2.067362310988494, -2.067198626029147, -2.0670310035905817, -2.0668593609802635, -2.0666837862386602, -2.066504092420678, -2.0663199991326016, -2.06613124437533, -2.0659378437647016, -2.065739726591961, -2.0655362055433155, -2.0653272511002387, -2.0651124924846815, -2.0648924964955335, -2.0646674027340803, -2.064437127856339, -2.0642010426438677, -2.063958948675359, -2.063710227402378, -2.063454384088746, -2.063191226323852, -2.0629212124595897, -2.062644245637896, -2.06236060786595, -2.0620707071593265, -2.0617743867221687, -2.0614710399864142, -2.0611596712982285, -2.060840106398524, -2.060513062850125, -2.0601783976353647, -2.0598347629393072, -2.0594822249798823, -2.0591212657615334, -2.058751831663918, -2.0583749170331314, -2.0579892367462165, -2.057595399179171, -2.057194310781035, -2.056783925434841, -2.0563640418423534, -2.055935157629476, -2.0554978924381553, -2.055052307798959, -2.054599909238232, -2.0541407585249996, -2.053674146275521, -2.0532001377485667, -2.052719874734295, -2.05223615582395, -2.05175174045078, -2.0512661815566395, -2.0507817003186926, -2.050299169856716, -2.049817951864643, -2.049338898755568, -2.0488638004953197, -2.0483959078536382, -2.0479346955940554, -2.0474792185076924, -2.047030240766014, -2.0465879212254214, -2.046152806064052, -2.045726142379133, -2.0453074354319205, -2.0448961654671716, -2.0444930155173795, -2.044099027496866, -2.043711960468997, -2.0433310662397326, -2.0429572918624572, -2.042590049836298, -2.042231539620971, -2.0418819605172516, -2.041539625068041, -2.0412058780135696, -2.0408800477154743, -2.040561138703219, -2.040249522039659, -2.0399457137612007, -2.039647795115684, -2.039355641764531, -2.039069036893395, -2.038788646225813, -2.038514776367431, -2.0382459264590955, -2.03798197635013, -2.037722625904755, -2.037468287149048, -2.0372187706050267, -2.0369743360439623, -2.036734305790113, -2.03649942752295, -2.036269551247165, -2.0360446975969806, -2.03582461337545, -2.0356083159453835, -2.0353960427579327, -2.03518789748979, -2.0349825052439616, -2.034779039487033, -2.0345784488646514, -2.0343792750928715, -2.0341811264738365, -2.033983510840777, -2.033786856560031, -2.0335911218501126, -2.0333955765421416, -2.0332003563367986, -2.0330051875730146, -2.032808861513517, -2.032610742092864, -2.0324112387285336, -2.032210467092585, -2.0320070017550274, -2.031800920679663, -2.0315924260017915, -2.03138170970996, -2.0311698807393235, -2.0309571698032443, -2.0307432320097063, -2.0305271255997925, -2.030309721281871, -2.0300913540915504, -2.029871720343781, -2.0296504388779635, -2.0294284116447034, -2.029205612153303, -2.028983400184013, -2.0287600431110535, -2.0285364135453676, -2.0283112102631655, -2.0280837022517217, -2.027855032134027, -2.0276255219617787, -2.027396030015649, -2.027167227663797, -2.0269396920776166, -2.0267130732193763, -2.026486210277942, -2.026260946878304, -2.0260382872971223, -2.025816931833851, -2.0255946693528575, -2.0253724785310636, -2.02515020202952, -2.024927759861905, -2.024704515781154, -2.024480858748062, -2.0242553283147084, -2.0240280097574637, -2.023797901171113, -2.0235639445213476, -2.0233265554384205, -2.0230857732492247, -2.022840919089983, -2.022590606217803, -2.0223345262083345, -2.0220735749723993, -2.0218092866175015, -2.0215409879851305, -2.0212695690803564, -2.020995253694504, -2.020717554343047, -2.02043711628719, -2.0201535427666304, -2.0198661275440197, -2.019574397141682, -2.019277002074531, -2.018974553490129, -2.0186666498657018, -2.018354123157736, -2.0180381110139916, -2.0177209802427853, -2.017401896752362, -2.017076820992587, -2.0167454096084745, -2.0164106042652246, -2.0160735839057913, -2.015733537401895, -2.015392602477815, -2.0150528622953856, -2.014714167235846, -2.014376757427612, -2.0140410153453048, -2.013710978161616, -2.013388342210721, -2.0130775712705797, -2.0127765277743004, -2.0124878902024013, -2.0122126365312965, -2.011949323955338, -2.0117017894800604, -2.0114676046750515, -2.011248974930364, -2.0110444069181925, -2.0108573393033744, -2.0106870538697943, -2.010531811648689, -2.010390302730865, -2.0102616515898006, -2.010144972783965, -2.010039145624742, -2.009944073600141, -2.0098606852948473, -2.0097874179908173, -2.0097228905468514, -2.0096662178187623, -2.0096161906187096, -2.0095721521259464, -2.00953327667632, -2.0094988297579346, -2.0094677147026054, -2.0094399587213063, -2.009415172794283, -2.0093931327883134, -2.009373284346802, -2.009355469573586, -2.0093393917980276, -2.0093248991633432, -2.0093118096570173, -2.009299960204403, -2.009289104693496, -2.0092790638710225, -2.0092697879283747, -2.009261277562787, -2.0092533886199235, -2.00924612629183, -2.009239327205526, -2.0092329606152033, -2.0092269472164666, -2.009221213470648, -2.009215877637691, -2.0092107402741606, -2.009205855782908, -2.0092011995361223, -2.0091967096422736, -2.009192424867039, -2.00918832384611, -2.009184353548301, -2.009180541963205, -2.0091768272767925, -2.009173199176234, -2.0091696519078512, -2.0091662036415268, -2.00916288252662, -2.0091596636857885, -2.0091564994485616, -2.0091534806927918, -2.0091504953375123, -2.0091476049722146, -2.009144787874021, -2.009142038799255, -2.0091393238558872, -2.0091366428126705, -2.0091339954108745, -2.0091314088631806, -2.009128854916526, -2.009126346017065, -2.0091238643494997, -2.0091214092052145, -2.00911898065317, -2.00911656835013, -2.009114187984601, -2.0091118264307672, -2.009109532151297, -2.0091072947196498, -2.009105021719826, -2.009102822062175, -2.0091006074041142, -2.0090983854081284, -2.009096113119308, -2.0090938081736742, -2.0090915199496306, -2.009089372829867, -2.0090871601709126, -2.0090851396061007, -2.0090829429304344, -2.0090807495187275, -2.009078576950309, -2.009076558340688, -2.009074484511438, -2.0090724976908643, -2.0090705554806787, -2.009068641689702, -2.009066794894617, -2.0090649581837408, -2.009063184256858, -2.0090614083072804, -2.009059675368606, -2.0090579729561604, -2.0090563084063904, -2.0090546614433613, -2.0090530552704946, -2.0090514988769956, -2.009049930886628, -2.009048351457934, -2.009046774614375, -2.0090452234280525, -2.0090436912962675, -2.0090421817396646, -2.0090406968487655, -2.009039236774286, -2.0090377585868504, -2.0090362893719065, -2.0090348928688955, -2.0090334910303103, -2.0090320802837014, -2.009030687829347, -2.009029267786275, -2.009027831486766, -2.0090263809400266, -2.009024965855064, -2.0090235529694382, -2.0090221720745087, -2.009020747632195, -2.0090193351967836, -2.0090179234816548, -2.0090165434332823, -2.009015192973349, -2.0090138372656536, -2.009012537745846, -2.0090112365534734, -2.009009940391879, -2.009008624786305, -2.0090073156692605, -2.0090060021175726, -2.0090047975933505, -2.009003535164811, -2.0090022776776633, -2.009001018527928, -2.0089998082807377, -2.0089985957826793, -2.0089973729287407, -2.0089961646625083, -2.0089949879333098, -2.0089938262430684, -2.008992688400648, -2.0089915199847774, -2.0089903379868974, -2.008989157724936, -2.008987971380898, -2.008986821958777, -2.0089857003558724, -2.0089845788114657, -2.008983410494906, -2.0089822387442444, -2.008981115387289, -2.008980001542954, -2.0089788794843693, -2.008977785757922, -2.008976709180494, -2.008975634464297, -2.008974538923453, -2.0089734332612115, -2.0089723590833453, -2.0089712941552755, -2.0089702385532924, -2.008969198364175, -2.0089681534882184, -2.0089671514419303, -2.0089661414272943, -2.008965131181542, -2.0089641270304477, -2.0089631428103703, -2.0089621743227406, -2.0089612145346467, -2.0089602312441794, -2.0089592315286384, -2.0089582214899173, -2.0089572014482013, -2.00895618516553, -2.0089551665586964, -2.008954161792524, -2.0089531486018677, -2.008952144407339, -2.00895113568647, -2.0089501087407937, -2.0089490743610314, -2.00894804333149, -2.0089470149397153, -2.008945976720865, -2.0089449059606195, -2.008943845639846, -2.008942785369431, -2.0089417078784364, -2.0089406939956627, -2.008939611232566, -2.008938490810046, -2.0089373938076145, -2.0089362915371862, -2.008935153596159, -2.0089339891663407, -2.0089328567118234, -2.008931695969681, -2.0089305614677553, -2.0089294413739927, -2.0089282542188314, -2.0089271030508757, -2.0089259536759307, -2.0089247264585777, -2.0089235514044095, -2.008922359515284, -2.008921199075863, -2.008920185034933, -2.0089190264964722, -2.00891791504437, -2.0089167451818106, -2.0089156173790763, -2.0089144426189276, -2.008913268189558, -2.0089120624064485, -2.008910856759777, -2.0089097044986435, -2.0089084674625126, -2.0089073016691255, -2.008906124698429, -2.0089048717607176, -2.008903636044581, -2.0089024941183293, -2.0089012581904377, -2.0088999703350163, -2.008898652001748, -2.008897266433964, -2.0088958259173126, -2.0088944707712537, -2.0088932139672453, -2.0088918882073075, -2.00889066265922, -2.0088893554536034, -2.0088880438876635, -2.0088867169416065, -2.0088854343453777, -2.00888418388971, -2.008882897934084, -2.0088816554192346, -2.0088805810808985, -2.008879431480932, -2.0088782650396606, -2.008877179629301, -2.00887597911215, -2.008874819240306, -2.0088736460867818, -2.0088724744159356, -2.0088713021857516, -2.0088701969087306, -2.0088691053090324, -2.0088680549518863, -2.008867110034511, -2.008866124869193, -2.0088651466338896, -2.0088641485885925], 'n_iter': 500}}","{'mix_components': {'1': {'amari': 0.006797144874363554, 'time': 1.9207141399383545, 'final_ll': -2.078122039865962}, '2': {'amari': 0.006532771428706834, 'time': 3.8376004695892334, 'final_ll': -2.0781051778147654}, '3': {'amari': 0.008477691887330559, 'time': 4.024836301803589, 'final_ll': -2.0783351680036364}, '5': {'amari': 0.043247614025129645, 'time': 6.9899187088012695, 'final_ll': -2.0899044653534866}}, 'kappa': {'5': {'amari': 0.338188487754449, 'time': 1.2048237323760986, 'n_samples': 180, 'final_ll': -2.033505283123}, '10': {'amari': 0.24548665963092137, 'time': 1.3551435470581055, 'n_samples': 360, 'final_ll': -2.0777235461384973}, '20': {'amari': 0.16568316634557193, 'time': 1.6619207859039307, 'n_samples': 720, 'final_ll': -2.0920075892944805}, '30': {'amari': 0.024060909460636097, 'time': 2.1670331954956055, 'n_samples': 1080, 'final_ll': -2.081529104024791}, '50': {'amari': 0.017823098157607898, 'time': 2.4498603343963623, 'n_samples': 1800, 'final_ll': -2.0926907991613524}}, 'seed_sensitivity': {'0': {'amari': 0.008902890468133933, 'final_ll': -2.078369694090404}, '42': {'amari': 0.008477691887330559, 'final_ll': -2.0783351680036364}, '123': {'amari': 0.0078953707255081, 'final_ll': -2.07826956883012}, '456': {'amari': 0.008991017563799155, 'final_ll': -2.0783804546745905}, '999': {'amari': 0.009268890695668924, 'final_ll': -2.0784271120129607}}}"
